,Date,Max_TemperatureF,Mean_TemperatureF,Min_TemperatureF,Max_Dew_PointF,MeanDew_PointF,Min_DewpointF,Max_Humidity,Mean_Humidity,Min_Humidity,Max_Sea_Level_PressureIn,Mean_Sea_Level_PressureIn,Min_Sea_Level_PressureIn,Max_VisibilityMiles,Mean_VisibilityMiles,Min_VisibilityMiles,Max_Wind_SpeedMPH,Mean_Wind_SpeedMPH,Max_Gust_SpeedMPH,PrecipitationIn,CloudCover,Events,WindDirDegrees
0,2012-10-01 00:00:00,73,60,48,56,49,45,86,68,43,30.35,30.23,30.09,10,10,10,12,2,,0.0,2,,344
1,2012-10-02 00:00:00,63,58,52,48,38,27,83,52,27,30.28,30.2,30.16,10,10,2,9,3,18.0,0.0,4,,338
2,2012-10-03 00:00:00,66,55,46,42,37,32,77,52,29,30.39,30.33,30.28,10,10,10,10,3,17.0,0.0,0,,348
3,2012-10-04 00:00:00,64,56,48,41,39,34,74,54,35,30.3,30.27,30.24,10,10,10,10,4,16.0,0.0,0,,339
4,2012-10-05 00:00:00,70,58,48,43,37,33,80,52,27,30.3,30.25,30.2,10,10,10,13,2,16.0,0.0,0,,315
5,2012-10-06 00:00:00,71,58,44,42,36,26,82,49,19,30.24,30.18,30.11,10,10,10,9,2,16.0,0.0,0,,315
6,2012-10-07 00:00:00,72,58,46,44,42,38,83,59,31,30.1,30.02,29.93,10,10,10,8,1,,0.0,0,,307
7,2012-10-08 00:00:00,71,56,42,47,43,39,89,63,35,30.05,29.96,29.93,10,10,10,7,3,,0.0,1,,170
8,2012-10-09 00:00:00,60,54,50,48,47,46,89,78,62,30.14,30.08,30.04,10,9,6,9,5,21.0,0.0,4,,164
9,2012-10-10 00:00:00,55,52,48,48,47,46,93,84,74,30.05,30.02,29.99,10,5,2,6,1,,0.0,8,,328
10,2012-10-11 00:00:00,55,52,46,46,46,44,90,81,69,30.0,29.92,29.81,10,7,5,7,1,,0.0,5,,344
11,2012-10-12 00:00:00,57,52,46,51,48,45,94,85,72,29.99,29.9,29.83,10,7,2,13,7,21.0,0.09,8,Rain,157
12,2012-10-13 00:00:00,62,58,55,57,54,50,94,86,78,30.14,30.1,30.02,10,10,4,16,9,23.0,0.09,8,Rain,159
13,2012-10-14 00:00:00,64,60,57,59,57,55,96,89,73,30.11,29.96,29.88,10,7,2,12,6,16.0,0.52,8,Rain,152
14,2012-10-15 00:00:00,63,58,54,60,55,50,96,86,72,29.96,29.78,29.55,10,8,2,14,6,23.0,0.22,7,Rain,166
15,2012-10-16 00:00:00,63,56,48,52,45,42,83,69,50,30.28,29.99,29.58,10,10,10,15,10,29.0,0.0,2,,183
16,2012-10-17 00:00:00,59,50,43,44,42,40,90,74,55,30.33,30.27,30.21,10,10,10,8,1,,0.0,3,,286
17,2012-10-18 00:00:00,64,55,46,52,45,39,100,74,39,30.21,29.98,29.82,10,8,2,13,4,18.0,0.64,5,Rain,163
18,2012-10-19 00:00:00,60,54,48,55,51,43,94,84,67,29.83,29.79,29.76,10,8,3,16,11,24.0,0.1,8,Rain,165
19,2012-10-20 00:00:00,52,47,43,44,39,37,86,74,59,29.9,29.86,29.81,10,10,4,14,8,24.0,0.18,4,Rain-Thunderstorm,177
20,2012-10-21 00:00:00,54,46,41,41,39,37,96,80,57,29.89,29.85,29.78,10,10,6,9,5,,0.14,5,Rain,146
21,2012-10-22 00:00:00,46,42,39,43,40,36,97,87,71,29.76,29.63,29.57,10,9,4,10,2,16.0,0.26,6,Rain,127
22,2012-10-23 00:00:00,53,47,42,41,39,38,89,75,59,29.88,29.81,29.67,10,10,10,10,6,,0.0,6,Rain,157
23,2012-10-24 00:00:00,52,48,44,43,41,38,93,81,61,30.17,29.98,29.86,10,10,5,6,1,,0.19,8,Rain,135
24,2012-10-25 00:00:00,53,48,43,44,42,39,97,82,61,30.42,30.35,30.2,10,10,6,5,2,,0.0,6,,149
25,2012-10-26 00:00:00,53,48,45,48,44,41,94,86,71,30.3,30.13,30.03,10,9,3,13,3,21.0,0.06,7,Rain,147
26,2012-10-27 00:00:00,57,52,48,56,49,46,100,89,77,30.05,29.91,29.76,10,8,2,24,11,32.0,0.75,8,Rain,152
27,2012-10-28 00:00:00,59,55,51,55,51,48,96,83,75,29.94,29.88,29.76,10,10,6,17,10,31.0,0.26,6,Rain,174
28,2012-10-29 00:00:00,61,56,51,57,53,50,100,88,72,30.01,29.88,29.73,10,8,2,17,10,26.0,0.57,7,Rain,161
29,2012-10-30 00:00:00,60,57,54,58,55,53,100,94,88,29.96,29.83,29.75,10,6,2,9,4,,1.2,8,Rain,132
30,2012-10-31 00:00:00,61,56,51,57,54,50,97,91,77,29.75,29.69,29.62,10,8,3,10,2,18.0,0.64,7,Rain,148
31,2012-11-01 00:00:00,60,56,52,52,51,49,97,87,72,30.02,29.85,29.72,10,10,6,12,4,17.0,0.34,8,Rain,155
32,2012-11-02 00:00:00,60,56,51,52,50,47,96,87,62,30.04,30.01,29.97,10,10,6,6,2,,0.19,7,Rain,139
33,2012-11-03 00:00:00,60,56,53,54,52,51,96,89,78,30.18,30.04,29.97,10,10,6,14,5,21.0,0.02,8,Rain,151
34,2012-11-04 00:00:00,64,60,55,59,55,53,97,90,75,30.26,30.21,30.18,10,8,3,14,4,22.0,0.17,8,Rain,161
35,2012-11-05 00:00:00,57,52,48,52,46,41,94,76,53,30.4,30.32,30.17,10,9,3,7,3,,0.05,6,Rain,13
36,2012-11-06 00:00:00,57,50,44,51,46,43,97,85,74,30.16,30.02,29.96,10,8,1,21,5,28.0,0.01,5,,171
37,2012-11-07 00:00:00,54,48,41,44,39,35,87,71,49,30.14,30.08,29.95,10,10,10,14,7,16.0,0.0,3,,158
38,2012-11-08 00:00:00,50,43,36,37,35,33,93,76,54,29.94,29.85,29.82,10,10,10,9,2,16.0,0.0,3,,7
39,2012-11-09 00:00:00,48,40,32,36,30,26,89,70,44,29.96,29.9,29.85,10,10,10,8,3,,0.0,1,,129
40,2012-11-10 00:00:00,46,38,30,31,27,21,89,70,39,30.23,30.12,29.97,10,10,9,8,4,,0.0,1,,138
41,2012-11-11 00:00:00,48,40,32,42,34,28,93,77,58,30.25,30.18,30.08,10,8,4,9,4,,0.55,7,Rain,136
42,2012-11-12 00:00:00,54,49,44,47,45,42,93,88,74,30.22,30.15,30.09,10,9,3,12,5,,0.13,7,Rain,149
43,2012-11-13 00:00:00,52,49,46,48,46,45,100,91,83,30.22,30.18,30.14,10,9,4,10,7,,0.19,8,Rain,143
44,2012-11-14 00:00:00,52,48,43,47,44,40,93,83,67,30.32,30.28,30.18,10,10,8,6,3,,0.0,6,,2
45,2012-11-15 00:00:00,48,42,37,43,39,36,100,88,68,30.28,30.11,29.95,10,8,0,9,2,,0.0,5,Fog,124
46,2012-11-16 00:00:00,48,40,35,45,39,36,100,92,77,29.95,29.87,29.7,10,5,0,10,4,,0.25,8,Fog-Rain,137
47,2012-11-17 00:00:00,53,48,43,46,42,37,90,81,66,29.71,29.6,29.48,10,10,6,14,5,23.0,0.2,7,Rain,163
48,2012-11-18 00:00:00,50,47,44,44,41,38,90,81,74,29.76,29.67,29.53,10,9,4,20,8,28.0,0.63,8,Rain,143
49,2012-11-19 00:00:00,55,52,48,51,47,42,93,84,69,29.69,29.52,29.37,10,7,2,18,10,33.0,2.49,7,Rain,154
50,2012-11-20 00:00:00,51,47,43,46,43,38,90,83,71,29.69,29.63,29.55,10,9,3,20,5,39.0,0.22,5,Rain,146
51,2012-11-21 00:00:00,46,44,39,41,39,36,89,80,73,30.3,29.92,29.53,10,10,7,17,9,28.0,0.52,6,Rain,172
52,2012-11-22 00:00:00,46,40,35,40,37,33,96,81,68,30.37,30.3,30.21,10,10,10,5,1,,0.02,6,Rain,128
53,2012-11-23 00:00:00,50,47,44,48,45,41,100,92,86,30.21,30.1,30.03,10,5,2,7,2,,0.95,8,Rain,143
54,2012-11-24 00:00:00,50,44,39,45,42,38,93,87,71,30.28,30.23,30.15,10,10,8,6,2,,0.0,6,Rain,154
55,2012-11-25 00:00:00,46,42,37,40,38,35,100,89,66,30.35,30.3,30.22,10,4,0,8,2,,0.0,4,Fog,2
56,2012-11-26 00:00:00,48,42,36,36,33,30,87,75,50,30.23,30.12,30.06,10,10,10,7,2,,0.0,1,,329
57,2012-11-27 00:00:00,48,41,34,38,35,32,92,80,66,30.09,30.01,29.89,10,10,8,7,2,,0.0,4,,312
58,2012-11-28 00:00:00,48,42,37,43,39,35,93,85,74,29.88,29.72,29.62,10,9,5,7,1,,0.12,6,Rain,144
59,2012-11-29 00:00:00,55,50,44,46,42,39,86,75,64,29.7,29.57,29.44,10,10,7,13,5,,0.11,7,Rain,136
60,2012-11-30 00:00:00,57,52,46,49,46,43,93,84,60,29.47,29.43,29.37,10,7,2,15,7,26.0,1.51,7,Rain,148
61,2012-12-01 00:00:00,55,52,48,47,42,38,93,73,53,29.63,29.51,29.28,10,10,5,17,10,28.0,0.28,7,Rain,159
62,2012-12-02 00:00:00,48,46,44,45,42,39,93,84,76,29.8,29.5,29.18,10,8,3,17,7,25.0,1.0,7,Rain,170
63,2012-12-03 00:00:00,48,47,46,45,44,41,90,84,77,30.01,29.88,29.65,10,9,4,18,11,25.0,0.41,8,Rain,152
64,2012-12-04 00:00:00,53,50,46,50,44,40,93,80,66,29.85,29.71,29.54,10,9,3,17,8,25.0,0.46,7,Rain,175
65,2012-12-05 00:00:00,48,45,42,39,37,35,82,72,63,30.21,30.13,29.88,10,10,8,14,10,24.0,0.02,5,Rain,174
66,2012-12-06 00:00:00,46,44,42,40,39,37,86,80,74,30.18,30.1,30.05,10,10,6,14,9,26.0,0.07,7,Rain,183
67,2012-12-07 00:00:00,46,42,39,41,39,34,86,80,71,30.16,30.05,29.96,10,10,7,17,9,26.0,0.14,6,Rain,182
68,2012-12-08 00:00:00,44,40,37,36,34,32,86,77,61,30.35,30.25,30.15,10,10,10,12,6,,0.0,6,,108
69,2012-12-09 00:00:00,45,41,37,43,39,34,96,89,79,30.38,30.33,30.28,10,6,2,9,4,,0.06,8,Rain,139
70,2012-12-10 00:00:00,46,44,42,43,41,39,93,87,81,30.42,30.33,30.11,10,9,5,9,2,,0.0,8,,142
71,2012-12-11 00:00:00,46,44,43,41,40,38,86,82,76,30.09,29.77,29.56,10,10,5,16,9,23.0,0.1,7,Rain,154
72,2012-12-12 00:00:00,44,43,42,41,39,38,92,87,81,30.03,29.84,29.63,10,8,3,6,3,,0.28,8,Rain,143
73,2012-12-13 00:00:00,46,42,39,38,36,34,89,81,66,30.05,29.96,29.82,10,10,5,9,5,,0.08,8,Rain,139
74,2012-12-14 00:00:00,44,40,34,39,36,32,93,86,65,29.95,29.87,29.79,10,9,6,10,5,,0.25,7,Rain,124
75,2012-12-15 00:00:00,42,36,30,36,33,28,93,82,73,29.93,29.7,29.56,10,9,3,10,7,20.0,0.24,7,Rain,150
76,2012-12-16 00:00:00,55,47,39,48,37,34,89,84,76,29.75,29.49,28.97,10,9,4,20,11,28.0,0.92,7,Rain,150
77,2012-12-17 00:00:00,48,42,37,43,35,30,86,73,60,29.89,29.5,28.94,10,10,10,23,15,39.0,0.11,5,Rain,192
78,2012-12-18 00:00:00,39,36,34,34,32,29,92,81,67,29.99,29.95,29.88,10,9,5,13,10,23.0,0.05,7,Rain-Snow,163
79,2012-12-19 00:00:00,46,40,33,40,34,28,94,81,63,29.95,29.72,29.57,10,8,4,22,8,30.0,0.99,8,Rain-Snow,150
80,2012-12-20 00:00:00,44,38,32,43,36,30,99,83,76,29.83,29.67,29.52,10,8,5,16,6,25.0,0.64,5,Rain,165
81,2012-12-21 00:00:00,46,38,30,37,32,28,100,89,68,29.83,29.76,29.67,10,6,0,6,1,,0.07,5,Fog-Rain,143
82,2012-12-22 00:00:00,48,44,39,41,37,34,89,79,59,29.74,29.6,29.51,10,10,8,15,3,29.0,0.12,6,Rain,160
83,2012-12-23 00:00:00,46,42,39,39,36,34,87,79,68,29.82,29.72,29.62,10,9,6,8,4,,0.39,7,Rain,145
84,2012-12-24 00:00:00,45,41,37,39,37,35,93,85,76,30.17,30.06,29.85,10,9,5,8,5,,0.08,6,Rain,139
85,2012-12-25 00:00:00,44,40,37,36,35,32,93,78,63,30.02,29.76,29.66,10,9,6,14,3,22.0,0.41,7,Rain,130
86,2012-12-26 00:00:00,46,42,39,41,37,34,85,79,73,29.92,29.79,29.7,10,10,4,17,6,24.0,0.25,8,Rain,152
87,2012-12-27 00:00:00,46,44,41,40,38,36,89,81,71,30.17,30.08,29.92,10,9,2,8,4,,0.27,8,Rain,159
88,2012-12-28 00:00:00,48,44,39,38,36,32,89,75,61,30.17,30.14,30.11,10,10,10,5,1,,0.0,6,Rain,143
89,2012-12-29 00:00:00,43,41,39,38,34,31,86,77,66,30.24,30.19,30.16,10,10,5,7,3,,0.06,8,Rain,140
90,2012-12-30 00:00:00,42,38,33,36,34,32,93,86,70,30.33,30.29,30.23,10,6,0,7,1,,0.0,5,Fog,103
91,2012-12-31 00:00:00,41,36,30,34,31,28,93,83,73,30.46,30.33,30.25,10,9,2,7,2,,0.0,5,,112
92,2013-01-01 00:00:00,43,36,28,32,28,25,89,77,58,30.51,30.44,30.36,10,9,5,5,1,,0.0,1,,354
93,2013-01-02 00:00:00,46,37,28,29,24,18,89,64,41,30.35,30.27,30.2,10,10,6,10,2,,0.0,0,,146
94,2013-01-03 00:00:00,46,36,27,35,24,19,89,62,37,30.21,30.15,30.1,10,9,3,12,3,,0.18,3,Rain,150
95,2013-01-04 00:00:00,53,45,37,43,39,34,93,81,62,30.31,30.24,30.17,10,8,2,12,5,,0.07,6,Rain,128
96,2013-01-05 00:00:00,46,44,42,40,35,32,92,72,63,30.2,30.16,30.12,10,9,5,13,3,18.0,0.1,7,Rain,150
97,2013-01-06 00:00:00,46,42,39,40,38,37,89,81,68,30.19,30.12,30.0,10,10,7,10,7,,0.03,7,Rain,148
98,2013-01-07 00:00:00,52,46,41,46,43,39,93,79,71,30.16,29.97,29.82,10,10,10,22,11,37.0,0.02,7,Rain,174
99,2013-01-08 00:00:00,55,48,42,48,43,39,93,82,71,30.16,29.95,29.75,10,7,1,21,9,36.0,0.53,8,Rain,157
100,2013-01-09 00:00:00,51,44,37,47,38,33,89,82,73,29.95,29.8,29.68,10,9,5,15,10,26.0,1.15,8,Rain,156
101,2013-01-10 00:00:00,39,34,30,34,32,29,93,82,73,30.13,30.07,29.95,10,9,0,7,3,,0.0,7,Fog-Rain,222
102,2013-01-11 00:00:00,37,32,28,30,26,20,93,81,48,30.33,30.25,30.12,10,6,0,7,3,,0.0,3,Fog,117
103,2013-01-12 00:00:00,39,32,26,29,24,21,88,77,49,30.45,30.38,30.33,10,9,1,9,1,,0.0,4,,7
104,2013-01-13 00:00:00,37,30,24,25,22,19,85,73,51,30.51,30.47,30.45,10,10,7,6,3,,0.0,4,,139
105,2013-01-14 00:00:00,39,34,30,30,27,24,79,73,60,30.57,30.52,30.48,10,10,10,9,4,,0.0,8,,139
106,2013-01-15 00:00:00,45,40,34,32,30,28,85,72,55,30.71,30.67,30.58,10,10,8,6,1,,0.0,4,,1
107,2013-01-16 00:00:00,44,36,28,33,30,25,93,83,60,30.69,30.62,30.53,10,5,0,6,2,,0.0,2,Fog,140
108,2013-01-17 00:00:00,37,32,28,34,31,25,100,90,83,30.53,30.41,30.31,7,1,0,6,1,,0.0,7,Fog,139
109,2013-01-18 00:00:00,39,36,33,36,33,31,96,91,83,30.36,30.31,30.28,10,3,0,6,2,,0.0,8,Fog,71
110,2013-01-19 00:00:00,37,35,33,34,32,30,93,88,81,30.4,30.37,30.35,9,2,0,6,2,,0.0,8,Fog,41
111,2013-01-20 00:00:00,41,37,33,35,32,30,96,88,79,30.4,30.34,30.27,7,2,0,6,1,,0.0,6,Fog,71
112,2013-01-21 00:00:00,37,34,32,34,32,29,93,90,82,30.29,30.22,30.16,6,2,0,7,3,,0.0,8,Fog,112
113,2013-01-22 00:00:00,39,34,30,34,32,29,92,85,73,30.15,30.04,29.92,8,3,0,7,1,,0.0,5,Fog,144
114,2013-01-23 00:00:00,45,41,37,39,36,30,87,75,56,30.14,29.95,29.85,10,9,4,13,5,16.0,0.21,8,Rain,151
115,2013-01-24 00:00:00,46,42,37,40,37,33,89,79,59,30.21,30.14,30.06,10,9,3,8,5,,0.16,7,Rain,146
116,2013-01-25 00:00:00,53,48,39,43,41,36,93,81,62,30.06,30.01,29.94,10,8,2,8,5,,0.09,6,Rain,154
117,2013-01-26 00:00:00,48,44,41,39,37,36,89,78,63,30.04,29.94,29.89,10,9,5,14,8,22.0,0.16,8,Rain,173
118,2013-01-27 00:00:00,44,42,41,38,37,35,89,79,73,30.07,30.03,30.0,10,10,7,12,5,22.0,0.01,8,Rain,164
119,2013-01-28 00:00:00,45,42,39,40,38,36,89,84,76,30.1,30.05,30.01,10,10,8,9,6,,0.21,7,Rain,145
120,2013-01-29 00:00:00,48,46,43,45,43,40,90,86,77,30.34,30.27,30.11,10,9,4,12,7,22.0,0.29,8,Rain,152
121,2013-01-30 00:00:00,50,48,46,47,45,43,93,89,83,30.38,30.36,30.32,10,5,1,10,7,,0.06,8,Rain,149
122,2013-01-31 00:00:00,52,49,46,46,44,43,93,84,74,30.4,30.35,30.3,10,9,3,12,6,23.0,0.08,8,Rain,156
123,2013-02-01 00:00:00,51,48,44,45,43,39,93,83,71,30.41,30.38,30.34,10,9,5,7,2,,0.0,6,,354
124,2013-02-02 00:00:00,44,42,39,40,38,37,93,86,79,30.39,30.32,30.27,10,5,0,9,4,,0.0,8,Fog,40
125,2013-02-03 00:00:00,50,44,39,43,39,36,93,84,71,30.3,30.27,30.21,10,8,1,10,7,,0.08,8,Rain,147
126,2013-02-04 00:00:00,52,48,44,42,41,39,87,76,61,30.2,30.08,29.91,10,10,10,9,6,,0.0,7,,138
127,2013-02-05 00:00:00,52,48,44,43,40,38,87,76,63,29.95,29.88,29.85,10,10,8,17,9,33.0,0.18,7,Rain,168
128,2013-02-06 00:00:00,52,48,45,42,39,37,82,74,59,30.06,29.96,29.8,10,10,10,14,9,20.0,0.08,8,Rain,152
129,2013-02-07 00:00:00,50,46,39,38,35,30,82,66,46,30.19,30.02,29.83,10,10,10,20,7,28.0,0.09,4,Rain,192
130,2013-02-08 00:00:00,46,42,37,36,35,33,89,73,61,30.31,30.28,30.21,10,10,9,6,1,,0.0,7,,58
131,2013-02-09 00:00:00,46,44,42,40,37,34,85,77,61,30.34,30.29,30.27,10,9,3,6,1,,0.01,8,Rain,126
132,2013-02-10 00:00:00,46,42,37,40,36,34,93,79,61,30.38,30.36,30.33,10,7,0,6,2,,0.0,6,Fog,329
133,2013-02-11 00:00:00,48,44,41,40,38,36,89,76,61,30.37,30.35,30.33,10,9,5,9,3,,0.01,8,Rain,154
134,2013-02-12 00:00:00,52,49,46,45,43,42,93,82,71,30.4,30.35,30.29,10,8,2,17,8,26.0,0.0,7,,167
135,2013-02-13 00:00:00,50,48,46,43,40,37,86,74,66,30.51,30.43,30.34,10,10,10,10,5,,0.0,8,,188
136,2013-02-14 00:00:00,51,48,44,44,41,39,86,79,71,30.56,30.54,30.5,10,10,5,9,5,,0.03,8,Rain,152
137,2013-02-15 00:00:00,55,48,41,44,41,37,93,81,59,30.55,30.4,30.19,10,8,1,6,2,,0.0,4,,345
138,2013-02-16 00:00:00,54,46,39,42,39,35,89,74,51,30.21,30.16,30.12,10,10,8,14,7,25.0,0.0,6,Rain,156
139,2013-02-17 00:00:00,46,44,42,38,35,31,81,70,54,30.25,30.2,30.12,10,10,10,10,7,,0.0,8,,167
140,2013-02-18 00:00:00,46,44,41,38,35,33,82,73,59,30.1,29.93,29.77,10,10,10,8,3,,0.0,7,Rain,152
141,2013-02-19 00:00:00,51,45,39,36,34,31,81,68,48,30.02,29.85,29.74,10,10,10,12,2,,0.0,3,,342
142,2013-02-20 00:00:00,46,41,36,38,35,30,86,77,63,30.05,30.03,30.0,10,10,7,12,5,18.0,0.07,8,Rain,150
143,2013-02-21 00:00:00,46,44,41,38,37,36,89,77,71,30.08,30.05,30.02,10,10,8,17,8,26.0,0.01,8,Rain,173
144,2013-02-22 00:00:00,48,44,41,41,37,32,87,76,65,30.06,29.87,29.72,10,9,5,23,13,34.0,0.34,7,Rain,177
145,2013-02-23 00:00:00,51,45,39,36,34,32,81,69,52,30.38,30.16,29.93,10,10,10,12,8,18.0,0.0,7,,138
146,2013-02-24 00:00:00,48,45,42,36,34,31,76,63,50,30.38,30.25,29.96,10,10,9,21,10,31.0,0.02,8,Rain,164
147,2013-02-25 00:00:00,53,46,39,38,34,24,79,67,34,30.32,30.07,29.9,10,10,7,20,13,31.0,0.14,5,Rain,185
148,2013-02-26 00:00:00,48,44,39,36,32,29,79,62,46,30.36,30.29,30.2,10,10,9,13,8,,0.01,8,Rain,157
149,2013-02-27 00:00:00,50,46,41,43,40,37,89,79,63,30.31,30.28,30.22,10,9,4,10,4,,0.32,7,Rain,129
150,2013-02-28 00:00:00,54,49,44,50,46,41,93,87,82,30.32,30.25,30.2,10,9,5,14,4,,0.25,8,Rain,153
151,2013-03-01 00:00:00,60,56,53,50,48,47,88,76,64,30.37,30.33,30.28,10,9,4,16,10,25.0,0.04,8,Rain,179
152,2013-03-02 00:00:00,57,50,42,48,43,36,83,76,64,30.28,30.17,30.08,10,9,3,14,8,25.0,0.21,7,Rain,141
153,2013-03-03 00:00:00,50,42,35,36,32,26,89,68,39,30.31,30.27,30.21,10,10,10,8,4,,0.0,2,,112
154,2013-03-04 00:00:00,57,45,33,31,27,22,85,55,27,30.31,30.14,29.93,10,10,10,10,2,,0.0,1,,25
155,2013-03-05 00:00:00,50,46,42,39,34,27,80,63,51,29.92,29.82,29.73,10,10,10,8,2,,0.0,7,,306
156,2013-03-06 00:00:00,46,44,42,41,38,36,89,80,68,29.9,29.74,29.59,10,9,4,12,4,,0.61,8,Rain,116
157,2013-03-07 00:00:00,53,48,42,42,39,35,89,75,52,30.09,30.03,29.92,10,9,6,8,5,,0.26,6,Rain,149
158,2013-03-08 00:00:00,53,45,37,38,36,34,93,76,50,30.25,30.13,30.09,10,8,0,9,2,,0.0,4,Fog,344
159,2013-03-09 00:00:00,55,44,34,39,35,31,93,73,45,30.5,30.4,30.27,10,9,1,7,2,,0.0,1,Fog,153
160,2013-03-10 00:00:00,48,44,39,41,38,33,83,77,71,30.5,30.46,30.44,10,10,9,9,5,,0.01,7,Rain,135
161,2013-03-11 00:00:00,53,48,44,45,41,39,86,76,62,30.45,30.34,30.17,10,10,6,7,1,,0.03,7,Rain,147
162,2013-03-12 00:00:00,57,54,50,52,47,44,88,80,62,30.16,30.11,30.09,10,8,3,15,11,26.0,0.01,8,Rain,173
163,2013-03-13 00:00:00,54,53,51,50,48,46,89,83,77,30.2,30.15,30.1,10,10,7,15,9,22.0,0.15,7,Rain,167
164,2013-03-14 00:00:00,55,52,48,48,46,41,93,80,62,30.16,30.09,30.04,10,8,2,12,5,17.0,0.05,7,Rain,157
165,2013-03-15 00:00:00,60,54,48,48,46,44,93,78,62,30.21,30.18,30.15,10,10,5,12,8,18.0,0.0,7,,183
166,2013-03-16 00:00:00,52,46,42,45,40,32,82,74,59,30.14,30.03,29.9,10,10,7,18,9,28.0,0.04,6,Rain,189
167,2013-03-17 00:00:00,50,44,39,34,33,31,81,68,50,30.2,30.13,30.0,10,10,10,13,7,20.0,0.0,6,,182
168,2013-03-18 00:00:00,54,48,42,37,34,27,76,64,37,30.25,30.19,30.14,10,10,5,20,10,31.0,0.0,6,Rain,169
169,2013-03-19 00:00:00,55,46,39,41,35,30,86,68,40,30.22,29.96,29.61,10,9,6,13,3,,0.37,5,Rain,102
170,2013-03-20 00:00:00,53,47,41,48,39,30,90,74,62,30.03,29.65,29.4,10,9,5,21,11,37.0,0.72,6,Rain,183
171,2013-03-21 00:00:00,50,42,37,37,33,30,89,73,56,30.23,30.15,30.04,10,10,6,9,7,21.0,0.1,7,Rain,175
172,2013-03-22 00:00:00,48,42,36,34,30,23,89,66,41,30.39,30.31,30.23,10,10,10,13,5,,0.01,4,Rain,104
173,2013-03-23 00:00:00,52,42,34,30,26,21,76,57,33,30.41,30.37,30.31,10,10,10,7,3,,0.0,1,,132
174,2013-03-24 00:00:00,55,44,33,33,29,26,82,58,34,30.31,30.23,30.13,10,10,10,9,2,,0.0,4,,318
175,2013-03-25 00:00:00,62,49,37,35,29,26,70,46,26,30.13,30.03,29.94,10,10,10,9,2,,0.0,4,,313
176,2013-03-26 00:00:00,62,54,48,39,36,32,69,53,36,30.03,29.99,29.96,10,10,10,6,2,,0.0,6,,306
177,2013-03-27 00:00:00,57,52,48,45,40,34,83,64,50,30.0,29.97,29.95,10,10,9,6,2,,0.01,6,Rain,345
178,2013-03-28 00:00:00,63,54,45,47,44,41,89,73,50,30.15,30.07,30.0,10,10,6,7,1,,0.06,6,Rain,154
179,2013-03-29 00:00:00,64,55,46,45,43,39,83,65,39,30.26,30.22,30.17,10,10,10,7,3,,0.01,2,Rain,331
180,2013-03-30 00:00:00,66,56,45,44,43,41,90,64,45,30.26,30.19,30.08,10,10,4,10,3,16.0,0.0,0,,325
181,2013-03-31 00:00:00,69,56,45,42,40,37,82,54,36,30.08,30.0,29.92,10,10,10,10,2,,0.0,0,,311
182,2013-04-01 00:00:00,63,55,48,47,45,40,87,73,56,30.17,30.08,29.99,10,10,10,12,6,20.0,0.0,5,,178
183,2013-04-02 00:00:00,57,54,50,46,45,43,82,72,64,30.21,30.19,30.16,10,10,10,8,5,,0.0,8,,168
184,2013-04-03 00:00:00,63,55,48,45,43,41,83,68,46,30.2,30.12,29.96,10,10,10,6,2,,0.0,5,,331
185,2013-04-04 00:00:00,59,56,52,53,48,43,90,80,69,29.94,29.75,29.66,10,8,2,15,3,24.0,0.41,7,Rain,178
186,2013-04-05 00:00:00,57,54,50,49,48,46,89,80,65,29.88,29.82,29.74,10,9,3,14,11,26.0,0.44,8,Rain,178
187,2013-04-06 00:00:00,54,50,46,47,43,40,86,78,69,29.95,29.85,29.71,10,10,6,17,10,24.0,0.44,7,Rain,171
188,2013-04-07 00:00:00,48,44,42,42,40,37,87,82,80,29.9,29.7,29.51,10,9,4,12,6,,0.96,8,Rain,105
189,2013-04-08 00:00:00,57,50,44,43,41,39,89,73,55,30.28,30.12,29.92,10,10,9,8,6,,0.04,6,Rain,164
190,2013-04-09 00:00:00,55,49,44,41,40,38,85,68,57,30.36,30.3,30.19,10,10,10,8,6,,0.0,6,,157
191,2013-04-10 00:00:00,61,54,48,49,44,39,88,69,51,30.27,30.09,29.96,10,8,2,15,10,25.0,0.15,7,Rain,176
192,2013-04-11 00:00:00,55,50,46,43,38,33,87,68,47,30.32,30.27,30.2,10,9,3,10,7,,0.09,7,Rain,158
193,2013-04-12 00:00:00,48,44,43,43,38,34,93,77,63,30.18,29.91,29.7,10,9,4,15,6,33.0,0.18,7,Rain,168
194,2013-04-13 00:00:00,53,45,39,41,36,31,86,73,58,30.01,29.9,29.78,10,10,6,16,9,24.0,0.31,7,Rain,177
195,2013-04-14 00:00:00,55,46,39,39,36,29,93,71,40,30.03,29.99,29.93,10,10,6,8,4,,0.06,7,Rain,155
196,2013-04-15 00:00:00,55,48,41,39,37,33,82,70,42,30.19,30.05,29.96,10,10,10,10,4,18.0,0.0,6,,327
197,2013-04-16 00:00:00,57,47,39,41,37,33,86,69,44,30.4,30.32,30.21,10,10,2,15,3,22.0,0.07,4,Rain,82
198,2013-04-17 00:00:00,60,49,39,40,36,32,79,61,36,30.47,30.43,30.4,10,10,10,12,6,,0.0,5,,173
199,2013-04-18 00:00:00,53,49,46,47,41,36,86,74,63,30.47,30.4,30.22,10,10,10,14,8,21.0,0.18,8,Rain,168
200,2013-04-19 00:00:00,55,52,50,52,48,45,89,85,80,30.21,30.13,30.07,10,9,3,13,8,18.0,0.67,8,Rain,167
201,2013-04-20 00:00:00,57,52,48,45,43,41,83,72,59,30.28,30.25,30.22,10,10,8,12,7,20.0,0.01,8,Rain,182
202,2013-04-21 00:00:00,55,50,46,45,40,36,87,70,51,30.38,30.27,30.24,10,10,5,10,6,18.0,0.03,7,Rain,231
203,2013-04-22 00:00:00,61,51,41,40,32,15,86,54,18,30.53,30.47,30.4,10,10,10,13,3,20.0,0.0,1,,325
204,2013-04-23 00:00:00,64,50,37,37,32,22,79,51,22,30.43,30.33,30.25,10,10,10,10,3,17.0,0.0,2,,328
205,2013-04-24 00:00:00,70,54,39,42,35,27,83,49,21,30.33,30.22,30.07,10,10,10,8,2,,0.0,0,,306
206,2013-04-25 00:00:00,73,60,46,43,37,32,71,46,26,30.15,30.08,30.05,10,10,10,6,1,,0.0,0,,341
207,2013-04-26 00:00:00,69,58,48,49,45,42,87,66,43,30.26,30.22,30.17,10,10,10,8,2,,0.0,3,,214
208,2013-04-27 00:00:00,57,55,53,47,42,35,77,63,47,30.22,30.2,30.17,10,10,10,16,9,25.0,0.0,6,Rain,176
209,2013-04-28 00:00:00,61,54,48,47,43,37,83,69,47,30.22,30.15,29.97,10,10,8,16,6,24.0,0.08,7,Rain,194
210,2013-04-29 00:00:00,57,50,45,46,40,32,87,71,40,30.18,30.06,29.92,10,9,2,13,7,16.0,0.15,7,Rain,108
211,2013-04-30 00:00:00,57,48,41,35,32,28,79,55,35,30.45,30.32,30.19,10,10,10,8,6,,0.0,4,,76
212,2013-05-01 00:00:00,64,51,39,36,32,27,77,50,26,30.59,30.55,30.47,10,10,10,9,3,,0.0,0,,320
213,2013-05-02 00:00:00,66,57,48,41,37,33,63,47,33,30.55,30.45,30.38,10,10,10,9,3,18.0,0.0,2,,326
214,2013-05-03 00:00:00,72,61,51,46,42,38,68,52,36,30.4,30.33,30.24,10,10,10,9,4,16.0,0.0,0,,9
215,2013-05-04 00:00:00,78,66,54,47,42,33,69,44,20,30.25,30.14,30.0,10,10,10,10,4,21.0,0.0,0,,339
216,2013-05-05 00:00:00,84,70,57,48,41,35,56,39,18,29.99,29.89,29.78,10,10,10,12,3,18.0,0.0,0,,326
217,2013-05-06 00:00:00,86,70,55,49,45,40,69,44,21,29.86,29.81,29.75,10,10,10,9,1,,0.0,0,,315
218,2013-05-07 00:00:00,72,62,53,52,49,48,86,69,51,30.02,29.95,29.85,10,10,10,10,5,21.0,0.0,3,,196
219,2013-05-08 00:00:00,68,60,53,50,48,47,83,70,52,30.16,30.12,30.04,10,10,10,9,6,,0.0,5,,196
220,2013-05-09 00:00:00,71,62,53,51,49,47,86,71,44,30.23,30.19,30.12,10,9,4,6,2,,0.0,3,,295
221,2013-05-10 00:00:00,79,66,53,53,49,46,83,58,34,30.21,30.17,30.11,10,10,6,6,3,,0.0,0,,318
222,2013-05-11 00:00:00,81,68,55,53,48,41,72,50,36,30.18,30.1,29.99,10,10,10,8,4,,0.0,2,,191
223,2013-05-12 00:00:00,71,66,60,58,55,52,86,71,55,30.1,30.06,30.03,10,10,4,10,7,16.0,0.08,7,Rain,184
224,2013-05-13 00:00:00,66,59,52,55,50,40,88,75,55,30.19,30.05,29.96,10,10,5,16,8,29.0,0.11,6,Rain-Thunderstorm,184
225,2013-05-14 00:00:00,66,55,46,43,40,34,77,55,34,30.24,30.18,30.12,10,10,10,9,6,,0.0,3,,135
226,2013-05-15 00:00:00,66,56,48,52,46,40,88,69,45,30.13,30.06,30.03,10,10,7,9,4,16.0,0.03,6,Rain,147
227,2013-05-16 00:00:00,71,62,55,52,49,40,88,66,33,30.02,29.96,29.88,10,10,6,8,4,,0.0,6,Rain,193
228,2013-05-17 00:00:00,66,60,55,51,47,43,84,67,48,30.07,30.0,29.97,10,10,10,13,8,20.0,0.02,7,Rain,172
229,2013-05-18 00:00:00,63,58,54,48,45,43,77,63,50,30.28,30.16,30.09,10,10,10,10,6,,0.0,7,,199
230,2013-05-19 00:00:00,64,60,55,48,46,44,75,63,47,30.41,30.37,30.29,10,10,10,6,2,,0.0,7,,333
231,2013-05-20 00:00:00,69,60,51,48,46,43,83,67,40,30.36,30.18,29.92,10,10,10,7,2,16.0,0.0,5,,100
232,2013-05-21 00:00:00,61,54,48,49,44,41,87,74,52,29.91,29.85,29.79,10,9,4,10,5,18.0,0.39,8,Rain,188
233,2013-05-22 00:00:00,55,50,46,46,43,42,87,79,66,29.95,29.9,29.87,10,9,5,9,6,,0.21,7,Rain,152
234,2013-05-23 00:00:00,57,52,46,45,43,41,87,75,57,30.03,29.98,29.94,10,10,7,12,3,,0.08,7,Rain,177
235,2013-05-24 00:00:00,64,56,50,47,44,40,83,67,43,30.06,30.02,29.98,10,10,10,10,2,20.0,0.02,6,Rain,200
236,2013-05-25 00:00:00,64,58,52,48,45,41,80,66,46,30.05,30.03,29.98,10,10,10,9,6,,0.0,7,Rain,197
237,2013-05-26 00:00:00,64,58,52,52,49,47,88,74,60,30.0,29.98,29.96,10,10,4,8,2,,0.08,8,Rain,217
238,2013-05-27 00:00:00,63,58,53,55,52,49,88,80,72,29.98,29.79,29.73,10,10,5,9,4,,0.2,7,Rain,145
239,2013-05-28 00:00:00,64,58,53,50,48,45,86,70,58,29.89,29.85,29.78,10,10,5,9,7,17.0,0.01,8,Rain,194
240,2013-05-29 00:00:00,64,57,51,48,47,44,88,71,56,29.99,29.82,29.71,10,10,7,14,3,24.0,0.17,7,Rain,215
241,2013-05-30 00:00:00,63,56,51,48,45,41,77,67,48,30.25,30.11,29.99,10,10,10,14,10,22.0,0.0,6,,176
242,2013-05-31 00:00:00,68,60,53,47,44,38,77,59,36,30.35,30.3,30.26,10,10,10,7,4,,0.0,5,,204
243,2013-06-01 00:00:00,73,64,55,47,45,42,69,54,36,30.25,30.15,30.06,10,10,10,8,3,,0.0,5,,295
244,2013-06-02 00:00:00,70,62,55,50,47,43,77,57,42,30.1,30.08,30.05,10,10,10,10,4,16.0,0.0,5,Rain,299
245,2013-06-03 00:00:00,73,63,53,51,49,47,83,67,44,30.14,30.1,30.06,10,10,10,8,4,,0.0,3,,216
246,2013-06-04 00:00:00,78,66,55,51,48,43,77,53,30,30.14,30.09,30.02,10,10,10,10,3,,0.0,0,,314
247,2013-06-05 00:00:00,78,68,59,53,50,45,63,52,37,30.1,30.06,30.03,10,10,10,9,2,,0.0,3,,318
248,2013-06-06 00:00:00,80,68,57,51,47,42,77,50,29,30.07,30.04,30.01,10,10,10,7,2,,0.0,2,,326
249,2013-06-07 00:00:00,69,62,57,53,48,42,70,57,43,30.16,30.09,30.04,10,10,10,12,5,,0.0,6,,192
250,2013-06-08 00:00:00,69,62,55,49,46,45,67,58,47,30.19,30.16,30.11,10,10,10,8,3,,0.0,6,,351
251,2013-06-09 00:00:00,68,62,55,47,45,42,72,59,43,30.13,30.09,30.03,10,10,10,8,3,,0.0,6,,358
252,2013-06-10 00:00:00,70,62,53,47,44,41,66,54,35,30.05,29.97,29.89,10,10,10,7,4,,0.0,4,,304
253,2013-06-11 00:00:00,68,60,52,45,44,41,72,57,42,30.12,30.03,29.96,10,10,10,15,9,23.0,0.0,5,Rain,183
254,2013-06-12 00:00:00,69,62,55,48,45,41,72,58,37,30.16,30.13,30.12,10,10,10,12,8,18.0,0.0,6,,190
255,2013-06-13 00:00:00,70,62,55,48,46,42,77,62,39,30.23,30.18,30.15,10,10,10,7,3,,0.0,6,,247
256,2013-06-14 00:00:00,68,60,55,47,46,45,69,60,47,30.25,30.2,30.06,10,10,10,12,8,20.0,0.0,6,,174
257,2013-06-15 00:00:00,75,64,55,50,48,46,77,57,37,30.05,29.97,29.93,10,10,10,9,4,17.0,0.0,1,,310
258,2013-06-16 00:00:00,75,66,57,54,51,47,82,60,44,30.1,30.06,30.0,10,10,10,9,4,,0.0,4,,197
259,2013-06-17 00:00:00,78,68,59,53,49,43,75,57,30,30.1,30.02,29.9,10,10,10,14,6,22.0,0.0,5,,189
260,2013-06-18 00:00:00,75,65,57,52,47,39,81,57,29,29.99,29.96,29.88,10,10,10,10,7,20.0,0.0,4,,181
261,2013-06-19 00:00:00,69,60,55,53,49,45,77,64,47,30.02,29.96,29.94,10,10,9,9,5,,0.0,7,Rain,179
262,2013-06-20 00:00:00,64,60,55,52,50,47,88,73,58,30.12,30.03,29.97,10,9,4,13,7,17.0,0.0,8,Rain,181
263,2013-06-21 00:00:00,71,62,55,52,50,45,88,68,42,30.17,30.14,30.12,10,10,5,8,4,,0.01,6,Rain,128
264,2013-06-22 00:00:00,79,66,55,53,51,47,84,57,36,30.13,30.0,29.86,10,10,10,6,1,,0.0,1,,301
265,2013-06-23 00:00:00,72,67,62,61,55,49,94,69,56,29.85,29.73,29.61,10,10,4,8,3,,0.0,7,Rain,310
266,2013-06-24 00:00:00,71,64,59,59,54,50,90,72,51,29.71,29.65,29.59,10,9,2,14,7,20.0,0.01,7,Rain,174
267,2013-06-25 00:00:00,75,66,59,58,55,49,87,72,41,29.87,29.74,29.69,10,9,2,18,5,30.0,0.01,7,Rain-Thunderstorm,162
268,2013-06-26 00:00:00,73,66,60,60,56,53,87,71,53,30.08,29.96,29.86,10,10,6,9,4,21.0,0.56,6,Rain,199
269,2013-06-27 00:00:00,72,68,63,61,59,53,87,75,63,30.2,30.14,30.05,10,10,8,5,0,,0.13,7,Rain,148
270,2013-06-28 00:00:00,88,74,62,61,59,56,84,62,36,30.19,30.11,30.04,10,10,10,10,3,,0.0,3,,313
271,2013-06-29 00:00:00,87,76,66,59,58,55,76,56,40,30.11,30.06,29.99,10,10,10,8,1,,0.0,3,,291
272,2013-06-30 00:00:00,91,78,64,61,58,53,70,52,28,30.02,29.94,29.85,10,10,10,8,3,,0.0,0,,315
273,2013-07-01 00:00:00,90,80,70,62,58,56,63,50,36,30.02,29.95,29.92,10,10,10,7,3,,0.0,0,,319
274,2013-07-02 00:00:00,82,72,63,58,54,46,81,56,29,30.11,30.08,30.04,10,10,10,9,3,17.0,0.0,1,,324
275,2013-07-03 00:00:00,79,70,63,50,48,43,56,45,34,30.16,30.11,30.05,10,10,10,8,4,,0.0,2,,344
276,2013-07-04 00:00:00,73,66,60,53,51,46,75,60,45,30.13,30.09,30.04,10,10,7,8,3,,0.0,6,,200
277,2013-07-05 00:00:00,75,67,59,54,52,51,78,62,44,30.05,30.01,29.96,10,10,7,9,3,,0.0,5,,221
278,2013-07-06 00:00:00,80,68,57,54,52,46,84,58,32,29.99,29.94,29.87,10,10,10,9,3,,0.0,2,,285
279,2013-07-07 00:00:00,77,68,60,57,55,51,83,67,48,29.97,29.93,29.89,10,10,10,8,4,,0.0,4,,204
280,2013-07-08 00:00:00,80,68,57,56,53,51,81,62,39,30.1,30.06,29.97,10,10,10,9,5,,0.0,3,,189
281,2013-07-09 00:00:00,84,72,62,55,53,50,78,53,32,30.12,30.06,30.0,10,10,10,9,3,,0.0,0,,311
282,2013-07-10 00:00:00,73,66,60,54,52,49,78,63,50,30.09,30.03,29.96,10,10,10,9,3,,0.0,5,,252
283,2013-07-11 00:00:00,72,64,57,48,46,43,67,55,38,30.09,30.05,30.01,10,10,10,12,5,,0.0,7,,119
284,2013-07-12 00:00:00,68,62,57,50,47,45,67,58,49,30.11,30.05,30.03,10,10,10,7,2,,0.0,4,,277
285,2013-07-13 00:00:00,77,65,55,49,46,42,80,52,30,30.21,30.15,30.12,10,10,10,13,3,20.0,0.0,0,,309
286,2013-07-14 00:00:00,82,70,57,50,46,41,70,45,25,30.14,30.08,29.99,10,10,10,8,3,,0.0,0,,327
287,2013-07-15 00:00:00,81,70,61,53,48,43,64,45,28,30.06,29.99,29.9,10,10,10,13,5,21.0,0.0,0,,326
288,2013-07-16 00:00:00,86,75,64,57,49,45,61,40,27,29.91,29.86,29.79,10,10,10,9,4,,0.0,3,Rain,322
289,2013-07-17 00:00:00,73,68,62,57,54,52,78,63,49,30.2,30.11,29.89,10,10,10,12,7,20.0,0.0,6,Rain,187
290,2013-07-18 00:00:00,79,69,60,54,53,52,78,61,43,30.23,30.19,30.12,10,10,10,7,3,,0.0,4,,285
291,2013-07-19 00:00:00,81,70,60,56,55,54,80,63,43,30.18,30.12,30.04,10,10,8,8,3,,0.0,2,,340
292,2013-07-20 00:00:00,77,67,57,56,55,54,88,70,48,30.1,30.05,29.96,10,9,3,7,4,,0.0,3,,254
293,2013-07-21 00:00:00,77,67,57,57,55,53,88,71,50,29.99,29.96,29.91,10,9,4,7,4,,0.0,3,,213
294,2013-07-22 00:00:00,80,68,57,56,55,53,88,68,40,30.07,30.02,29.96,10,10,6,7,4,,0.0,4,,239
295,2013-07-23 00:00:00,84,70,57,55,52,45,89,55,25,30.08,30.03,29.97,10,10,10,10,4,16.0,0.0,0,,311
296,2013-07-24 00:00:00,86,72,61,54,50,43,72,48,26,30.06,30.03,29.99,10,10,10,9,3,,0.0,0,,321
297,2013-07-25 00:00:00,86,72,59,53,50,45,75,49,26,30.11,30.08,30.04,10,10,10,8,3,,0.0,0,,321
298,2013-07-26 00:00:00,87,74,61,53,48,36,70,45,17,30.16,30.12,30.07,10,10,10,8,3,,0.0,0,,359
299,2013-07-27 00:00:00,79,68,57,52,49,46,77,53,33,30.18,30.1,30.0,10,10,10,8,2,,0.0,1,,221
300,2013-07-28 00:00:00,70,62,55,52,51,50,82,69,53,30.04,30.02,29.97,10,10,10,10,6,18.0,0.0,4,,192
301,2013-07-29 00:00:00,77,67,57,53,51,49,75,60,41,30.02,29.99,29.95,10,10,10,6,3,,0.0,4,,203
302,2013-07-30 00:00:00,78,68,57,56,53,51,83,65,42,30.15,30.1,30.02,10,10,10,9,5,,0.0,3,,193
303,2013-07-31 00:00:00,72,64,57,58,55,53,90,73,57,30.14,30.08,30.0,10,10,3,7,2,,0.0,6,Thunderstorm,204
304,2013-08-01 00:00:00,69,63,57,54,53,52,83,71,57,30.08,30.06,30.04,10,10,10,13,7,18.0,0.0,8,,191
305,2013-08-02 00:00:00,64,62,60,57,55,53,84,77,72,30.13,30.11,30.07,10,10,6,10,6,,0.0,8,Rain,178
306,2013-08-03 00:00:00,75,68,60,57,56,53,87,72,50,30.14,30.11,30.06,10,9,4,7,2,,0.0,7,,316
307,2013-08-04 00:00:00,81,70,59,57,55,53,83,61,40,30.07,30.02,29.94,10,10,10,10,3,16.0,0.0,1,,317
308,2013-08-05 00:00:00,86,73,62,57,55,54,78,55,34,30.02,29.98,29.92,10,10,10,9,2,,0.0,0,,324
309,2013-08-06 00:00:00,87,74,60,55,52,48,75,51,28,30.01,29.97,29.91,10,10,10,7,2,,0.0,0,,317
310,2013-08-07 00:00:00,86,74,62,55,53,49,75,52,29,30.02,29.98,29.94,10,10,10,10,2,,0.0,1,,317
311,2013-08-08 00:00:00,82,71,60,57,55,53,83,62,39,30.05,30.0,29.94,10,10,10,8,3,,0.0,3,,215
312,2013-08-09 00:00:00,82,72,61,57,54,52,75,56,38,29.96,29.91,29.84,10,10,10,16,3,23.0,0.0,1,,307
313,2013-08-10 00:00:00,78,68,60,61,58,55,84,72,54,30.02,29.97,29.91,10,10,8,9,4,,0.0,5,Rain-Thunderstorm,215
314,2013-08-11 00:00:00,78,68,60,55,53,50,78,62,41,30.07,30.04,29.99,10,10,10,9,4,,0.0,5,,206
315,2013-08-12 00:00:00,79,70,62,54,53,51,75,58,39,30.09,30.05,30.01,10,10,10,6,3,,0.0,5,,246
316,2013-08-13 00:00:00,82,71,60,55,52,48,75,54,30,30.11,30.04,29.94,10,10,10,8,3,,0.0,1,,288
317,2013-08-14 00:00:00,82,72,62,61,55,52,81,61,36,29.97,29.94,29.92,10,10,10,10,2,17.0,0.0,5,Rain,186
318,2013-08-15 00:00:00,72,69,66,64,62,60,84,78,68,29.99,29.97,29.93,10,9,4,7,2,,0.0,7,Rain,183
319,2013-08-16 00:00:00,84,74,63,62,58,49,90,68,29,30.02,29.99,29.95,10,10,4,7,2,,0.0,4,,229
320,2013-08-17 00:00:00,79,71,64,58,55,53,70,58,46,30.08,30.05,30.02,10,10,10,12,6,,0.0,4,,180
321,2013-08-18 00:00:00,80,70,61,56,54,50,78,60,45,30.14,30.1,30.07,10,10,10,10,4,16.0,0.0,5,,219
322,2013-08-19 00:00:00,80,72,64,55,52,49,73,55,43,30.12,30.09,30.06,10,10,10,10,3,,0.0,5,,251
323,2013-08-20 00:00:00,77,68,62,52,48,45,63,49,36,30.17,30.13,30.07,10,10,10,13,4,21.0,0.0,2,,333
324,2013-08-21 00:00:00,80,69,59,52,50,47,69,50,38,30.1,30.03,29.94,10,10,10,12,2,18.0,0.0,1,,321
325,2013-08-22 00:00:00,82,72,62,54,51,49,65,48,33,29.95,29.88,29.81,10,10,10,8,2,,0.0,3,,313
326,2013-08-23 00:00:00,78,68,62,56,54,51,78,62,45,29.9,29.88,29.84,10,10,10,12,7,20.0,0.0,6,,183
327,2013-08-24 00:00:00,75,69,63,55,53,49,75,59,40,29.93,29.9,29.86,10,10,10,8,4,,0.0,6,,248
328,2013-08-25 00:00:00,73,67,62,56,52,49,70,59,45,29.95,29.91,29.88,10,10,10,8,2,,0.0,6,,128
329,2013-08-26 00:00:00,78,70,64,58,55,47,78,66,34,29.96,29.9,29.86,10,10,10,13,5,24.0,0.0,7,Rain,165
330,2013-08-27 00:00:00,80,72,64,58,56,51,80,61,45,29.96,29.88,29.79,10,10,10,8,2,,0.0,6,Rain,277
331,2013-08-28 00:00:00,81,71,62,63,59,56,88,67,47,29.9,29.87,29.84,10,10,7,6,2,,0.0,6,Rain,218
332,2013-08-29 00:00:00,75,72,66,66,63,61,88,80,64,30.02,29.92,29.87,10,9,2,13,4,17.0,0.38,7,Rain-Thunderstorm,144
333,2013-08-30 00:00:00,80,71,63,61,55,49,81,60,35,30.16,30.11,30.04,10,10,10,9,6,,0.0,3,,202
334,2013-08-31 00:00:00,79,69,60,56,55,53,82,62,42,30.09,29.96,29.85,10,10,10,13,3,,0.0,0,,311
335,2013-09-01 00:00:00,82,72,61,57,55,52,82,61,41,29.9,29.86,29.8,10,10,10,7,3,,0.0,2,,190
336,2013-09-02 00:00:00,82,73,64,56,54,52,73,55,38,29.95,29.89,29.87,10,10,10,7,2,,0.0,3,,211
337,2013-09-03 00:00:00,75,70,64,61,59,54,88,73,48,30.03,29.98,29.94,10,10,8,6,2,,0.12,6,Rain,327
338,2013-09-04 00:00:00,72,67,62,59,58,57,84,75,61,30.06,30.03,30.01,10,10,9,12,2,,0.0,5,Rain,326
339,2013-09-05 00:00:00,69,65,62,61,58,56,88,80,68,30.04,30.0,29.95,10,9,5,10,2,,0.46,6,Rain-Thunderstorm,296
340,2013-09-06 00:00:00,73,68,62,61,60,57,94,83,61,30.12,30.02,29.96,10,8,2,8,5,,1.08,7,Rain,139
341,2013-09-07 00:00:00,73,68,64,59,58,56,84,73,55,30.11,30.07,30.02,10,10,10,7,2,,0.0,4,Rain,315
342,2013-09-08 00:00:00,80,70,60,58,57,55,86,67,44,30.12,30.07,30.03,10,10,10,6,1,,0.01,2,,319
343,2013-09-09 00:00:00,78,68,59,59,57,55,93,76,48,30.08,30.04,29.98,10,6,1,9,3,,0.0,3,,320
344,2013-09-10 00:00:00,77,68,60,59,57,55,88,71,54,30.0,29.96,29.89,10,9,3,9,3,,0.0,3,,319
345,2013-09-11 00:00:00,89,76,63,59,57,55,75,56,34,29.94,29.91,29.86,10,10,10,9,3,,0.0,0,,313
346,2013-09-12 00:00:00,80,70,60,60,58,56,90,71,48,30.01,29.96,29.91,10,8,3,8,2,,0.0,3,,166
347,2013-09-13 00:00:00,68,64,61,59,58,57,93,80,73,29.98,29.94,29.88,10,9,3,6,2,,0.0,7,,206
348,2013-09-14 00:00:00,71,66,62,59,57,57,82,75,64,29.88,29.82,29.74,10,9,5,6,2,,0.0,6,,320
349,2013-09-15 00:00:00,68,64,59,61,58,55,90,84,73,29.82,29.77,29.72,10,7,1,9,4,,0.21,8,Rain-Thunderstorm,174
350,2013-09-16 00:00:00,72,66,62,57,55,51,81,72,59,29.94,29.9,29.82,10,10,10,13,7,21.0,0.0,7,,169
351,2013-09-17 00:00:00,64,62,60,52,50,46,75,65,50,29.94,29.9,29.87,10,10,10,7,3,,0.0,8,,112
352,2013-09-18 00:00:00,71,64,57,53,50,47,81,65,42,30.08,30.04,29.95,10,10,10,10,5,,0.0,4,,163
353,2013-09-19 00:00:00,79,66,53,51,48,44,80,59,30,30.04,29.9,29.77,10,10,10,6,1,,0.0,1,,325
354,2013-09-20 00:00:00,75,64,55,57,51,49,84,66,42,29.76,29.67,29.6,10,10,4,10,7,,0.15,5,Rain,156
355,2013-09-21 00:00:00,71,64,57,56,53,50,88,72,51,29.73,29.69,29.66,10,10,10,8,5,,0.01,5,,182
356,2013-09-22 00:00:00,63,60,57,54,52,49,84,76,65,29.76,29.67,29.59,10,10,4,17,10,28.0,0.37,6,Rain,165
357,2013-09-23 00:00:00,63,59,55,53,51,49,88,75,65,29.97,29.89,29.77,10,10,10,12,9,20.0,0.08,6,Rain,171
358,2013-09-24 00:00:00,64,58,52,50,47,42,86,73,46,29.96,29.9,29.85,10,10,10,14,6,20.0,0.01,6,,160
359,2013-09-25 00:00:00,63,56,48,49,47,43,86,74,50,30.04,29.95,29.87,10,10,10,14,3,,0.04,6,Rain,328
360,2013-09-26 00:00:00,64,54,44,48,45,41,87,75,53,30.14,30.1,30.04,10,9,3,8,4,,0.01,3,Fog,159
361,2013-09-27 00:00:00,59,56,52,51,48,45,83,75,67,30.13,29.99,29.86,10,10,7,15,10,23.0,0.05,6,Rain,154
362,2013-09-28 00:00:00,63,59,55,57,53,48,90,82,74,29.84,29.54,29.36,10,8,2,20,10,34.0,1.21,7,Rain,159
363,2013-09-29 00:00:00,57,56,55,52,48,45,83,75,67,29.57,29.46,29.18,10,10,7,18,14,34.0,0.62,7,Rain,158
364,2013-09-30 00:00:00,60,55,51,52,47,43,83,76,69,29.94,29.7,29.47,10,9,5,18,13,28.0,0.63,7,Rain,173
365,2013-10-01 00:00:00,60,54,48,48,45,43,83,75,55,30.12,30.02,29.93,10,10,6,15,10,20.0,0.08,7,Rain,156
366,2013-10-02 00:00:00,57,53,51,47,46,45,86,77,67,30.19,30.11,30.06,10,10,8,12,7,18.0,0.19,8,Rain,163
367,2013-10-03 00:00:00,59,52,48,47,46,42,86,77,58,30.46,30.32,30.19,10,10,7,6,3,,0.02,7,Rain,135
368,2013-10-04 00:00:00,66,53,42,47,43,39,93,77,40,30.5,30.45,30.36,10,7,0,4,0,,0.01,2,Fog,140
369,2013-10-05 00:00:00,69,56,44,48,45,42,93,71,39,30.36,30.27,30.14,10,10,0,7,2,,0.0,2,Fog,302
370,2013-10-06 00:00:00,73,58,44,50,46,40,93,69,31,30.13,29.99,29.88,10,8,1,8,3,,0.04,2,Rain,166
371,2013-10-07 00:00:00,62,58,54,51,47,43,86,73,54,30.02,29.96,29.91,10,10,7,15,10,23.0,0.1,6,Rain,181
372,2013-10-08 00:00:00,57,52,46,47,44,39,86,72,57,30.09,30.01,29.98,10,9,2,9,5,18.0,0.39,5,Rain-Thunderstorm,141
373,2013-10-09 00:00:00,60,49,41,44,41,37,89,76,53,30.15,30.09,29.96,10,10,10,6,1,,0.0,4,,162
374,2013-10-10 00:00:00,61,53,46,49,45,41,86,75,58,30.08,30.01,29.95,10,10,6,8,3,,0.03,8,Rain,151
375,2013-10-11 00:00:00,57,54,51,49,48,44,89,81,64,30.15,30.11,30.08,10,7,2,5,1,,0.53,8,Rain,207
376,2013-10-12 00:00:00,59,52,46,48,46,44,90,78,64,30.22,30.13,30.08,10,10,7,8,2,,0.06,6,Rain,320
377,2013-10-13 00:00:00,59,52,44,45,44,41,93,80,58,30.38,30.3,30.23,10,8,1,6,1,,0.0,4,,33
378,2013-10-14 00:00:00,61,50,41,45,43,37,96,81,51,30.44,30.4,30.37,10,6,0,6,1,,0.01,3,Fog,205
379,2013-10-15 00:00:00,61,52,44,47,45,41,100,84,57,30.4,30.31,30.19,10,6,0,5,1,,0.0,5,Fog,145
380,2013-10-16 00:00:00,55,50,46,48,46,44,90,81,69,30.21,30.19,30.16,10,9,5,7,2,,0.0,6,,69
381,2013-10-17 00:00:00,57,52,46,47,46,42,86,79,67,30.28,30.25,30.22,10,9,6,6,1,,0.01,5,,65
382,2013-10-18 00:00:00,55,50,46,47,45,42,93,86,74,30.25,30.22,30.16,10,5,0,6,1,,0.0,4,Fog,330
383,2013-10-19 00:00:00,52,48,44,46,45,43,93,88,80,30.2,30.17,30.15,10,3,0,4,1,,0.0,8,Fog,332
384,2013-10-20 00:00:00,52,50,48,46,45,44,87,83,76,30.22,30.19,30.16,10,6,2,6,2,,0.0,8,,25
385,2013-10-21 00:00:00,54,50,48,47,46,44,89,84,77,30.18,30.14,30.11,10,5,2,5,2,,0.0,8,,10
386,2013-10-22 00:00:00,55,51,48,47,46,46,93,86,77,30.13,30.09,30.04,10,4,0,6,2,,0.0,6,Fog,300
387,2013-10-23 00:00:00,57,52,46,47,46,44,93,89,69,30.06,30.03,29.99,10,2,0,5,1,,0.01,4,Fog,332
388,2013-10-24 00:00:00,51,48,46,47,46,44,93,90,82,30.14,30.06,30.04,5,1,0,5,1,,0.01,8,Fog,205
389,2013-10-25 00:00:00,54,49,44,47,46,42,93,86,75,30.32,30.25,30.15,10,6,2,8,3,,0.0,7,,132
390,2013-10-26 00:00:00,54,49,44,46,44,42,93,77,66,30.34,30.3,30.21,10,9,5,5,1,,0.01,8,Fog,72
391,2013-10-27 00:00:00,57,52,48,47,44,42,87,76,56,30.2,29.98,29.92,10,9,3,13,5,23.0,0.06,5,Rain,38
392,2013-10-28 00:00:00,57,52,45,44,35,28,90,57,33,29.96,29.93,29.9,10,10,10,16,3,26.0,0.0,2,,337
393,2013-10-29 00:00:00,57,46,36,37,34,31,86,67,44,30.04,30.01,29.96,10,10,10,7,3,,0.0,0,,148
394,2013-10-30 00:00:00,59,48,39,46,38,34,82,67,54,30.13,30.11,30.05,10,10,10,10,7,20.0,0.01,6,Rain,152
395,2013-10-31 00:00:00,57,53,51,50,47,41,86,78,64,30.27,30.19,30.11,10,10,10,9,5,,0.01,8,Rain,151
396,2013-11-01 00:00:00,63,58,53,52,48,43,88,74,50,30.28,30.16,29.85,10,10,9,7,2,,0.0,7,Rain,156
397,2013-11-02 00:00:00,57,52,46,50,43,36,89,72,57,29.89,29.72,29.51,10,9,6,28,11,43.0,0.38,7,Rain,181
398,2013-11-03 00:00:00,53,46,39,40,37,33,89,72,47,30.12,30.03,29.91,10,10,10,7,4,,0.02,5,Rain,137
399,2013-11-04 00:00:00,51,44,36,39,36,32,97,71,48,30.2,30.14,30.06,10,10,8,5,1,,0.01,6,Rain,114
400,2013-11-05 00:00:00,55,50,44,48,44,39,93,80,64,30.26,30.1,30.02,10,9,2,12,4,18.0,0.05,7,Rain,153
401,2013-11-06 00:00:00,54,50,46,47,44,42,86,78,64,30.32,30.22,30.04,10,10,8,8,1,,0.09,7,Rain,117
402,2013-11-07 00:00:00,53,52,50,47,45,43,87,80,71,30.01,29.84,29.74,10,8,2,21,10,31.0,0.94,8,Rain,167
403,2013-11-08 00:00:00,55,50,44,44,42,39,82,70,59,30.17,30.1,29.97,10,10,10,10,7,17.0,0.0,5,,176
404,2013-11-09 00:00:00,52,46,41,44,41,37,89,79,61,30.16,30.11,30.08,10,9,5,4,1,,0.09,6,Rain,255
405,2013-11-10 00:00:00,52,50,48,45,43,42,83,77,69,30.15,30.13,30.1,10,10,10,7,2,,0.0,7,Rain,353
406,2013-11-11 00:00:00,60,52,43,44,42,39,89,75,55,30.17,30.09,30.01,10,10,10,5,1,,0.0,3,,323
407,2013-11-12 00:00:00,60,54,48,51,47,43,86,78,67,30.38,30.23,30.04,10,10,8,10,6,17.0,0.14,6,Rain,160
408,2013-11-13 00:00:00,57,54,51,48,46,44,88,74,62,30.44,30.39,30.32,10,10,10,13,7,,0.0,7,,182
409,2013-11-14 00:00:00,52,48,44,46,43,39,87,81,74,30.3,30.17,30.07,10,10,10,7,2,,0.01,6,Rain,167
410,2013-11-15 00:00:00,51,48,44,45,41,38,87,78,71,30.07,29.75,29.33,10,10,5,20,8,32.0,0.08,8,Rain,168
411,2013-11-16 00:00:00,50,44,39,39,36,34,82,68,57,29.77,29.57,29.37,10,10,10,12,6,21.0,0.0,5,,167
412,2013-11-17 00:00:00,53,49,45,46,42,37,83,76,68,29.91,29.85,29.79,10,10,4,14,8,23.0,0.05,7,Rain,177
413,2013-11-18 00:00:00,55,51,48,50,47,44,93,85,80,29.91,29.77,29.56,10,7,2,15,7,21.0,0.8,8,Rain,154
414,2013-11-19 00:00:00,55,49,41,50,38,20,86,70,40,30.08,29.78,29.56,10,9,5,14,8,25.0,0.11,8,Rain,11
415,2013-11-20 00:00:00,46,42,36,28,25,20,67,54,35,30.52,30.33,30.1,10,10,10,9,4,,0.0,1,,1
416,2013-11-21 00:00:00,46,40,33,28,25,22,79,61,42,30.67,30.62,30.53,10,10,10,6,2,,0.0,0,,12
417,2013-11-22 00:00:00,46,40,33,29,27,26,75,63,46,30.66,30.57,30.47,10,10,10,9,2,,0.0,1,,338
418,2013-11-23 00:00:00,50,40,30,36,31,26,86,73,52,30.44,30.32,30.21,10,10,10,5,1,,0.08,2,,324
419,2013-11-24 00:00:00,50,40,30,40,34,27,89,82,68,30.26,30.21,30.18,10,8,5,5,1,,0.0,1,,110
420,2013-11-25 00:00:00,55,44,33,40,35,30,93,82,51,30.32,30.3,30.27,10,6,0,7,3,,0.0,3,Fog,139
421,2013-11-26 00:00:00,55,44,33,41,36,32,97,82,55,30.27,30.2,30.11,10,4,0,7,2,,0.0,6,Fog-Rain,143
422,2013-11-27 00:00:00,55,47,39,41,39,35,86,74,55,30.09,30.02,29.97,10,10,8,6,1,,0.0,4,,307
423,2013-11-28 00:00:00,45,40,35,43,37,33,93,91,86,30.19,30.11,30.04,9,2,0,7,1,,0.0,3,Fog,145
424,2013-11-29 00:00:00,48,44,39,45,41,36,93,86,76,30.32,30.27,30.2,10,7,3,8,3,,0.01,8,Fog,145
425,2013-11-30 00:00:00,53,49,45,47,44,41,90,81,71,30.34,30.28,30.1,10,10,8,13,7,18.0,0.06,7,Rain,151
426,2013-12-01 00:00:00,55,52,46,50,46,36,88,76,63,30.06,29.88,29.76,10,9,3,20,13,36.0,0.03,6,Rain,192
427,2013-12-02 00:00:00,46,42,37,34,32,29,86,69,56,30.07,29.92,29.83,10,10,5,9,5,,0.11,4,Rain,162
428,2013-12-03 00:00:00,41,36,32,28,23,20,79,57,43,30.32,30.24,30.09,10,10,10,12,7,22.0,0.01,2,,347
429,2013-12-04 00:00:00,39,32,26,26,23,21,82,70,47,30.37,30.33,30.31,10,10,10,5,2,,0.0,0,,120
430,2013-12-05 00:00:00,35,30,24,22,18,12,81,63,44,30.33,30.26,30.2,10,10,10,9,3,,0.0,4,,127
431,2013-12-06 00:00:00,35,31,27,14,8,6,54,39,31,30.24,30.19,30.15,10,10,10,8,3,,0.0,2,,47
432,2013-12-07 00:00:00,32,25,18,9,5,-2,62,43,23,30.44,30.36,30.24,10,10,10,6,2,,0.0,0,,42
433,2013-12-08 00:00:00,34,26,18,16,13,8,69,58,44,30.59,30.52,30.45,10,10,10,8,5,,0.0,3,,147
434,2013-12-09 00:00:00,34,28,21,24,18,12,71,61,50,30.6,30.55,30.51,10,10,7,8,4,,0.0,7,Snow,137
435,2013-12-10 00:00:00,41,37,32,32,29,24,85,72,65,30.51,30.47,30.43,10,10,9,8,4,,0.0,8,,134
436,2013-12-11 00:00:00,42,35,28,34,30,25,93,83,65,30.42,30.31,30.18,10,6,0,6,2,,0.0,4,Fog,144
437,2013-12-12 00:00:00,43,38,32,39,35,29,96,89,70,30.18,30.12,30.06,10,4,0,13,6,,0.22,8,Fog-Rain,139
438,2013-12-13 00:00:00,50,46,42,46,43,39,93,86,80,30.43,30.33,30.15,10,7,2,9,6,,0.01,8,,145
439,2013-12-14 00:00:00,50,47,44,43,42,40,93,82,74,30.45,30.38,30.36,10,10,10,13,7,,0.0,5,,148
440,2013-12-15 00:00:00,53,50,48,47,45,42,89,83,76,30.46,30.38,30.33,10,9,4,14,9,,0.03,8,Rain,160
441,2013-12-16 00:00:00,50,46,42,44,42,39,93,85,74,30.5,30.41,30.28,10,8,0,6,2,,0.0,6,Fog,97
442,2013-12-17 00:00:00,48,44,39,43,39,37,97,86,73,30.28,30.19,30.12,10,5,1,12,5,,0.0,8,,150
443,2013-12-18 00:00:00,46,42,39,41,36,29,87,74,53,30.17,30.1,30.04,10,10,6,9,4,,0.04,7,Rain,106
444,2013-12-19 00:00:00,41,36,32,33,27,18,85,68,40,30.36,30.28,30.2,10,10,10,9,3,,0.0,5,,133
445,2013-12-20 00:00:00,45,39,33,42,33,25,93,85,70,30.2,29.95,29.73,10,4,1,15,8,28.0,0.1,8,Rain-Snow,149
446,2013-12-21 00:00:00,48,45,42,44,41,37,93,87,81,30.17,30.06,29.87,10,6,2,6,2,,0.22,8,Rain,112
447,2013-12-22 00:00:00,52,49,46,48,46,44,93,88,80,30.3,30.25,30.17,10,4,2,12,7,20.0,0.21,8,Rain,152
448,2013-12-23 00:00:00,55,50,44,47,43,37,86,76,57,30.51,30.27,30.15,10,9,3,17,11,31.0,0.01,6,Rain,174
449,2013-12-24 00:00:00,48,42,36,39,36,33,89,80,68,30.63,30.58,30.53,10,10,8,6,2,,0.0,4,,150
450,2013-12-25 00:00:00,44,39,34,36,34,31,97,87,68,30.54,30.47,30.41,10,5,0,4,0,,0.0,5,Fog,165
451,2013-12-26 00:00:00,45,39,33,37,35,32,96,88,74,30.4,30.33,30.22,9,3,0,6,1,,0.0,5,Fog,150
452,2013-12-27 00:00:00,48,40,33,43,36,30,96,89,71,30.38,30.23,30.14,10,4,0,14,2,23.0,0.03,7,Fog-Rain,147
453,2013-12-28 00:00:00,48,42,35,43,40,34,93,87,77,30.53,30.48,30.39,10,6,0,5,1,,0.0,6,Fog,173
454,2013-12-29 00:00:00,46,42,37,38,37,35,93,87,73,30.49,30.41,30.32,10,4,0,7,3,,0.0,7,Fog,143
455,2013-12-30 00:00:00,46,42,39,41,39,37,93,84,74,30.32,30.2,30.14,10,6,2,9,3,23.0,0.02,8,Rain,151
456,2013-12-31 00:00:00,48,44,39,43,41,37,93,83,74,30.39,30.29,30.2,10,7,0,10,4,,0.01,7,Fog,147
457,2014-01-01 00:00:00,46,44,41,41,40,37,93,86,76,30.42,30.36,30.26,10,5,0,5,1,,0.01,8,Fog-Rain,89
458,2014-01-02 00:00:00,53,48,44,45,42,39,89,80,59,30.25,30.07,29.91,10,8,2,13,5,21.0,0.53,8,Rain,146
459,2014-01-03 00:00:00,48,44,37,39,36,33,89,75,56,30.37,30.21,30.02,10,10,9,15,5,,0.03,5,Rain,133
460,2014-01-04 00:00:00,46,40,34,36,33,30,93,81,58,30.47,30.44,30.37,10,10,7,7,2,,0.0,3,,70
461,2014-01-05 00:00:00,46,38,30,33,30,27,88,77,59,30.51,30.45,30.32,10,10,7,6,1,,0.0,2,Fog,322
462,2014-01-06 00:00:00,44,37,30,35,32,27,85,77,63,30.31,30.21,30.14,10,9,6,10,3,,0.0,4,,145
463,2014-01-07 00:00:00,48,44,41,45,41,36,93,87,81,30.14,30.05,30.0,10,6,1,14,4,,0.34,8,Rain,143
464,2014-01-08 00:00:00,51,48,46,46,44,38,93,84,71,30.01,29.87,29.7,10,9,3,15,8,29.0,0.44,7,Rain,149
465,2014-01-09 00:00:00,50,46,43,44,40,36,86,76,68,30.0,29.88,29.73,10,9,3,20,10,32.0,0.09,6,Rain,168
466,2014-01-10 00:00:00,50,49,48,46,42,40,90,76,68,30.1,29.93,29.56,10,10,9,20,14,38.0,0.15,7,Rain,172
467,2014-01-11 00:00:00,59,52,45,48,41,37,82,74,62,29.79,29.49,29.37,10,9,5,24,16,41.0,0.91,6,Rain,185
468,2014-01-12 00:00:00,53,48,42,46,41,35,82,74,63,30.3,30.09,29.84,10,10,10,16,10,30.0,0.02,7,Rain,184
469,2014-01-13 00:00:00,53,52,51,46,45,43,80,76,71,30.63,30.49,30.32,10,10,10,24,14,40.0,0.01,8,,175
470,2014-01-14 00:00:00,53,50,48,46,45,45,87,81,72,30.68,30.64,30.59,10,10,9,9,4,,0.0,8,,170
471,2014-01-15 00:00:00,52,48,45,45,42,41,87,80,66,30.62,30.57,30.52,10,9,4,8,2,,0.0,6,,10
472,2014-01-16 00:00:00,45,44,42,41,39,39,89,85,80,30.51,30.46,30.37,10,6,2,6,3,,0.0,8,,33
473,2014-01-17 00:00:00,44,42,39,38,37,36,93,86,76,30.37,30.29,30.2,10,4,1,9,4,,0.0,8,,51
474,2014-01-18 00:00:00,48,40,33,39,35,30,93,84,71,30.28,30.23,30.18,10,6,1,15,5,,0.0,6,,140
475,2014-01-19 00:00:00,44,40,37,40,38,35,93,87,79,30.33,30.24,30.18,8,4,1,8,1,,0.0,8,,57
476,2014-01-20 00:00:00,48,42,36,38,36,32,86,77,64,30.36,30.31,30.28,10,9,7,6,2,,0.0,4,,337
477,2014-01-21 00:00:00,50,41,32,40,36,30,93,83,61,30.35,30.3,30.25,10,5,0,12,4,,0.0,6,Fog,141
478,2014-01-22 00:00:00,50,48,45,43,41,38,90,80,71,30.45,30.4,30.35,10,8,5,8,4,,0.0,8,,33
479,2014-01-23 00:00:00,50,46,39,39,37,35,86,76,63,30.48,30.43,30.39,10,9,5,9,4,17.0,0.0,4,,341
480,2014-01-24 00:00:00,52,42,33,40,36,32,93,83,63,30.43,30.37,30.29,10,8,1,7,1,,0.0,2,Fog,196
481,2014-01-25 00:00:00,54,44,33,39,36,32,97,86,55,30.4,30.34,30.28,10,4,0,8,2,,0.0,1,Fog,136
482,2014-01-26 00:00:00,45,40,34,38,36,30,93,87,71,30.27,30.19,30.12,10,4,0,9,1,,0.0,4,Fog,313
483,2014-01-27 00:00:00,48,40,36,38,36,34,93,86,58,30.23,30.18,30.14,10,3,0,7,2,,0.0,7,Fog,121
484,2014-01-28 00:00:00,52,48,44,45,41,37,93,77,61,30.24,30.13,29.9,10,9,4,6,2,,0.35,8,Rain,120
485,2014-01-29 00:00:00,53,50,46,48,44,41,93,85,77,29.88,29.74,29.63,10,7,2,12,5,20.0,0.77,8,Rain,163
486,2014-01-30 00:00:00,48,46,44,40,37,36,77,71,63,29.93,29.86,29.82,10,10,8,15,11,24.0,0.01,8,,174
487,2014-01-31 00:00:00,46,44,42,40,36,29,89,74,56,30.17,30.06,29.93,10,9,2,8,5,,0.03,8,Rain,312
488,2014-02-01 00:00:00,46,42,37,39,36,32,93,81,65,30.19,30.14,30.09,10,8,0,5,1,,0.02,6,Fog-Rain,67
489,2014-02-02 00:00:00,46,40,34,36,31,20,93,73,43,30.09,30.02,29.97,10,6,0,9,2,,0.0,7,Fog,328
490,2014-02-03 00:00:00,41,38,35,25,19,13,62,46,32,30.21,30.12,30.03,10,10,10,15,6,24.0,0.0,5,,341
491,2014-02-04 00:00:00,37,32,27,22,16,5,75,50,33,30.44,30.31,30.22,10,10,10,12,3,,0.0,6,,101
492,2014-02-05 00:00:00,32,26,21,6,1,-4,45,34,23,30.5,30.44,30.35,10,10,10,15,8,22.0,0.0,0,,128
493,2014-02-06 00:00:00,30,26,21,12,2,-3,53,36,25,30.32,30.02,29.81,10,10,10,14,3,21.0,0.0,5,,126
494,2014-02-07 00:00:00,37,31,25,18,16,13,69,55,38,29.96,29.87,29.78,10,10,10,8,5,16.0,0.0,5,,57
495,2014-02-08 00:00:00,43,38,32,30,22,12,87,60,32,30.03,29.93,29.85,10,7,1,20,4,24.0,0.09,7,Snow,40
496,2014-02-09 00:00:00,39,36,33,36,32,27,93,84,73,30.1,30.07,29.99,10,8,3,7,1,,0.01,8,Rain-Snow,140
497,2014-02-10 00:00:00,51,44,37,45,40,34,93,85,77,30.07,30.04,30.0,10,7,2,18,6,26.0,0.54,7,Rain,166
498,2014-02-11 00:00:00,54,49,44,46,43,39,86,79,62,30.14,29.98,29.59,10,9,5,14,8,21.0,0.75,6,Rain,152
499,2014-02-12 00:00:00,55,50,46,47,41,35,89,70,49,29.9,29.72,29.47,10,10,7,22,10,32.0,0.14,6,Rain,179
500,2014-02-13 00:00:00,55,50,46,45,39,34,80,65,44,30.07,29.93,29.76,10,10,10,16,10,29.0,0.0,3,Rain,185
501,2014-02-14 00:00:00,54,48,41,45,41,35,86,74,61,29.96,29.78,29.6,10,10,4,18,9,28.0,0.41,5,Rain,172
502,2014-02-15 00:00:00,52,44,37,46,38,34,89,80,68,29.95,29.61,29.26,10,10,4,18,5,38.0,0.51,6,Rain,149
503,2014-02-16 00:00:00,48,44,41,41,37,34,82,73,56,29.98,29.81,29.68,10,9,5,22,11,34.0,1.41,7,Rain,181
504,2014-02-17 00:00:00,48,44,41,40,38,34,89,76,63,29.95,29.81,29.72,10,10,9,17,12,25.0,0.44,7,Rain,173
505,2014-02-18 00:00:00,50,46,43,43,39,33,86,77,63,29.96,29.78,29.6,10,9,3,21,11,30.0,0.62,6,Rain,168
506,2014-02-19 00:00:00,48,44,41,37,35,33,81,71,56,30.14,30.05,29.88,10,10,10,15,9,23.0,0.02,6,Rain,186
507,2014-02-20 00:00:00,51,47,43,41,38,33,81,70,54,30.22,30.1,30.01,10,10,10,17,11,28.0,0.03,6,Rain,190
508,2014-02-21 00:00:00,45,42,39,39,36,34,93,78,70,30.3,30.26,30.22,10,9,4,9,4,,0.23,8,Rain,157
509,2014-02-22 00:00:00,43,40,37,37,35,32,87,81,65,30.24,30.16,30.04,10,10,5,12,4,,0.09,8,Rain,152
510,2014-02-23 00:00:00,46,42,39,40,37,34,89,79,63,30.06,30.0,29.95,10,8,3,10,6,,0.18,8,Rain,145
511,2014-02-24 00:00:00,44,42,39,41,38,36,93,87,81,30.12,30.06,30.04,10,4,2,8,4,,0.39,8,Rain,321
512,2014-02-25 00:00:00,51,46,42,39,37,36,86,73,61,30.13,30.08,30.0,10,10,6,8,4,,0.0,5,,325
513,2014-02-26 00:00:00,59,49,39,39,35,28,79,61,34,29.99,29.86,29.71,10,10,10,6,2,,0.0,4,,318
514,2014-02-27 00:00:00,55,50,44,40,37,35,76,63,51,29.75,29.7,29.65,10,10,10,5,1,,0.0,6,,188
515,2014-02-28 00:00:00,55,50,44,41,35,24,82,58,37,29.75,29.61,29.52,10,10,10,13,3,22.0,0.0,1,,346
516,2014-03-01 00:00:00,46,44,41,30,27,25,65,53,46,29.69,29.65,29.55,10,10,10,16,4,21.0,0.01,8,Rain,118
517,2014-03-02 00:00:00,51,44,37,46,37,29,89,83,65,29.74,29.65,29.55,10,8,3,15,8,26.0,0.7,8,Rain,140
518,2014-03-03 00:00:00,57,52,48,49,45,41,90,78,57,29.91,29.75,29.68,10,8,2,15,10,24.0,0.37,7,Rain,169
519,2014-03-04 00:00:00,55,50,44,50,46,41,90,84,72,29.96,29.92,29.82,10,8,2,17,6,25.0,0.41,8,Rain,179
520,2014-03-05 00:00:00,59,55,51,53,50,47,92,83,72,29.82,29.62,29.44,10,7,2,17,4,33.0,1.44,8,Rain,149
521,2014-03-06 00:00:00,57,54,51,48,45,44,83,74,64,30.07,29.76,29.52,10,10,6,20,12,33.0,0.21,7,Rain,179
522,2014-03-07 00:00:00,61,54,48,45,42,38,77,66,44,30.28,30.2,30.09,10,10,10,15,10,22.0,0.0,4,,174
523,2014-03-08 00:00:00,55,50,45,51,44,37,89,81,66,30.12,29.9,29.75,10,7,3,14,2,23.0,1.12,6,Rain,146
524,2014-03-09 00:00:00,60,55,50,51,47,46,89,78,62,30.03,29.95,29.85,10,9,4,14,8,24.0,0.26,8,Rain,196
525,2014-03-10 00:00:00,55,50,45,46,44,37,90,79,62,30.47,30.14,29.96,10,9,4,8,3,,0.44,8,Rain,173
526,2014-03-11 00:00:00,57,50,42,41,38,32,89,68,40,30.6,30.53,30.45,10,10,10,8,3,,0.0,2,,19
527,2014-03-12 00:00:00,63,49,36,40,37,33,93,68,37,30.43,30.3,30.17,10,9,0,9,1,,0.0,2,Fog,326
528,2014-03-13 00:00:00,59,50,44,45,39,36,82,68,47,30.18,30.12,30.02,10,10,6,9,2,,0.0,4,Rain,160
529,2014-03-14 00:00:00,60,54,46,48,44,37,88,72,47,30.35,30.06,29.91,10,9,3,16,10,26.0,0.11,5,Rain,174
530,2014-03-15 00:00:00,62,53,45,50,43,38,83,70,51,30.34,30.25,30.19,10,10,7,13,5,25.0,0.2,6,Rain,165
531,2014-03-16 00:00:00,54,49,43,49,44,38,87,83,74,30.21,30.13,30.01,10,8,4,12,7,20.0,1.09,8,Rain,166
532,2014-03-17 00:00:00,53,46,39,39,35,30,86,68,43,30.35,30.21,30.02,10,10,10,9,5,,0.01,5,,112
533,2014-03-18 00:00:00,52,46,42,44,38,34,82,73,66,30.36,30.3,30.18,10,10,6,10,6,,0.01,8,,143
534,2014-03-19 00:00:00,54,48,39,43,40,32,83,74,61,30.22,30.09,30.02,10,10,10,16,9,31.0,0.0,6,Rain,153
535,2014-03-20 00:00:00,54,44,37,36,32,26,79,63,37,30.38,30.32,30.24,10,10,10,9,6,,0.0,5,Rain,110
536,2014-03-21 00:00:00,52,46,39,36,33,29,79,63,46,30.37,30.34,30.3,10,10,10,9,4,17.0,0.0,3,,353
537,2014-03-22 00:00:00,54,44,34,36,31,26,85,61,35,30.33,30.29,30.21,10,10,10,6,2,,0.0,3,,105
538,2014-03-23 00:00:00,55,50,44,37,35,32,73,59,45,30.35,30.3,30.26,10,10,10,7,3,,0.0,3,,329
539,2014-03-24 00:00:00,68,56,44,39,36,32,73,51,26,30.25,30.05,29.88,10,10,10,9,2,,0.0,3,,343
540,2014-03-25 00:00:00,59,54,46,47,41,30,80,64,36,29.88,29.67,29.54,10,10,7,18,7,32.0,0.22,7,Rain,165
541,2014-03-26 00:00:00,54,48,42,45,41,37,85,76,62,29.63,29.58,29.53,10,10,10,9,4,,0.06,6,Rain,159
542,2014-03-27 00:00:00,57,50,46,43,42,40,86,75,59,29.9,29.74,29.58,10,9,4,10,4,20.0,0.03,7,Rain,172
543,2014-03-28 00:00:00,55,50,46,49,44,40,86,80,74,29.89,29.75,29.69,10,10,4,13,6,20.0,0.51,7,Rain,142
544,2014-03-29 00:00:00,55,50,45,45,43,41,90,78,62,29.83,29.76,29.7,10,9,4,16,9,29.0,0.63,7,Rain,166
545,2014-03-30 00:00:00,55,50,45,43,39,36,82,70,52,30.01,29.93,29.84,10,10,10,16,12,23.0,0.02,5,,171
546,2014-03-31 00:00:00,61,48,37,40,37,34,89,66,44,29.99,29.84,29.72,10,10,10,13,3,21.0,0.0,3,,321
547,2014-04-01 00:00:00,60,52,45,42,39,36,80,62,46,29.91,29.83,29.73,10,10,10,9,2,,0.0,3,,272
548,2014-04-02 00:00:00,61,52,45,41,38,33,80,62,36,30.02,29.99,29.93,10,10,10,10,8,17.0,0.0,5,,174
549,2014-04-03 00:00:00,59,51,45,45,40,35,80,70,42,30.01,29.95,29.9,10,10,6,18,7,24.0,0.11,6,Rain,154
550,2014-04-04 00:00:00,57,51,45,43,40,37,87,69,49,29.98,29.95,29.92,10,10,10,12,8,21.0,0.0,5,Rain,178
551,2014-04-05 00:00:00,55,52,48,48,45,43,87,78,67,30.1,30.01,29.98,10,10,7,14,6,21.0,0.08,8,Rain,163
552,2014-04-06 00:00:00,60,55,50,47,44,41,77,68,58,30.31,30.24,30.12,10,10,10,9,5,,0.0,7,,147
553,2014-04-07 00:00:00,72,62,52,49,47,39,83,61,30,30.31,30.2,30.07,10,10,10,10,5,,0.0,4,,178
554,2014-04-08 00:00:00,63,56,48,52,47,45,86,76,62,30.17,30.13,30.06,10,9,4,12,8,22.0,0.37,6,Rain,167
555,2014-04-09 00:00:00,59,51,45,43,39,34,86,62,41,30.29,30.24,30.18,10,10,10,6,1,,0.01,6,,351
556,2014-04-10 00:00:00,60,52,46,40,38,34,71,58,41,30.3,30.24,30.17,10,10,10,7,2,,0.0,4,,344
557,2014-04-11 00:00:00,64,54,44,44,41,39,82,62,43,30.18,30.12,30.04,10,10,10,7,2,,0.0,4,,50
558,2014-04-12 00:00:00,62,54,48,42,40,36,77,60,44,30.19,30.12,30.08,10,10,10,14,5,18.0,0.0,3,,344
559,2014-04-13 00:00:00,70,58,46,40,36,25,79,49,18,30.31,30.24,30.18,10,10,10,10,2,,0.0,0,,312
560,2014-04-14 00:00:00,70,56,42,43,37,30,76,51,26,30.17,30.11,30.05,10,10,10,13,3,,0.0,3,,218
561,2014-04-15 00:00:00,61,54,48,43,39,36,71,59,42,30.22,30.15,30.08,10,10,10,13,7,18.0,0.01,6,Rain,169
562,2014-04-16 00:00:00,55,52,50,49,47,43,86,81,71,30.08,30.03,29.94,10,10,9,16,10,21.0,0.41,8,Rain,162
563,2014-04-17 00:00:00,57,52,48,50,48,41,89,82,74,29.93,29.84,29.73,10,9,3,14,9,20.0,0.7,8,Rain,166
564,2014-04-18 00:00:00,60,52,44,40,37,30,76,62,33,30.13,30.03,29.91,10,10,10,12,6,16.0,0.0,5,,153
565,2014-04-19 00:00:00,55,50,45,47,42,37,83,74,55,30.18,29.92,29.78,10,9,2,16,6,28.0,0.36,5,Rain,175
566,2014-04-20 00:00:00,63,52,44,42,39,33,83,59,38,30.3,30.23,30.15,10,10,10,12,7,18.0,0.0,4,,146
567,2014-04-21 00:00:00,64,56,48,45,42,41,87,67,45,30.14,29.97,29.86,10,10,6,16,6,,0.14,5,Rain,124
568,2014-04-22 00:00:00,57,50,44,43,40,38,83,74,49,29.92,29.89,29.85,10,10,7,16,6,22.0,0.53,7,Rain,150
569,2014-04-23 00:00:00,55,50,45,47,42,40,87,75,62,29.91,29.84,29.65,10,10,9,14,9,21.0,0.22,7,Rain,155
570,2014-04-24 00:00:00,60,54,48,49,44,38,86,71,53,29.91,29.77,29.6,10,10,3,15,11,24.0,0.3,6,Rain,189
571,2014-04-25 00:00:00,59,52,45,40,38,35,82,61,41,29.91,29.87,29.83,10,10,10,10,4,,0.05,3,,48
572,2014-04-26 00:00:00,61,52,45,45,38,31,83,63,35,29.85,29.78,29.66,10,10,6,12,7,23.0,0.18,6,Rain,175
573,2014-04-27 00:00:00,55,50,46,43,40,39,82,69,55,30.12,29.87,29.67,10,10,10,17,10,25.0,0.0,5,Rain,178
574,2014-04-28 00:00:00,63,52,42,41,37,30,82,58,31,30.37,30.29,30.15,10,10,10,9,6,,0.0,3,,164
575,2014-04-29 00:00:00,79,64,50,44,38,28,71,42,16,30.5,30.43,30.37,10,10,10,9,2,,0.0,5,,339
576,2014-04-30 00:00:00,81,68,54,47,42,37,67,43,21,30.4,30.29,30.15,10,10,10,12,3,18.0,0.0,1,,315
577,2014-05-01 00:00:00,88,71,55,47,43,34,67,40,15,30.15,30.03,29.93,10,10,10,9,2,,0.0,2,,286
578,2014-05-02 00:00:00,69,63,55,52,48,39,70,59,35,30.06,30.0,29.91,10,10,10,12,8,20.0,0.0,4,Rain,166
579,2014-05-03 00:00:00,63,56,51,50,47,43,89,75,52,29.94,29.84,29.75,10,8,3,10,7,22.0,1.19,7,Rain,179
580,2014-05-04 00:00:00,60,56,51,51,48,46,89,78,64,29.87,29.78,29.73,10,10,8,14,8,21.0,0.26,8,Rain,159
581,2014-05-05 00:00:00,60,56,51,51,48,46,83,77,62,30.04,29.96,29.87,10,10,7,13,8,17.0,0.24,7,Rain,176
582,2014-05-06 00:00:00,64,57,51,46,44,40,77,63,44,30.06,30.03,29.99,10,10,10,9,5,,0.0,6,,217
583,2014-05-07 00:00:00,68,56,46,47,43,40,80,61,37,30.06,29.98,29.88,10,10,10,9,3,,0.0,2,,226
584,2014-05-08 00:00:00,59,54,51,53,47,41,88,75,57,29.9,29.76,29.65,10,8,3,15,7,25.0,0.32,7,Rain,172
585,2014-05-09 00:00:00,57,52,48,46,44,42,87,73,59,30.02,29.9,29.76,10,10,10,15,11,26.0,0.07,6,Rain,176
586,2014-05-10 00:00:00,61,54,48,46,44,41,87,70,48,30.28,30.15,30.03,10,10,10,7,5,,0.0,7,,126
587,2014-05-11 00:00:00,68,57,48,46,44,41,86,63,40,30.35,30.31,30.27,10,10,10,7,1,,0.01,3,,340
588,2014-05-12 00:00:00,79,65,52,48,41,25,80,48,14,30.36,30.32,30.25,10,10,10,8,2,,0.0,1,,320
589,2014-05-13 00:00:00,80,70,59,48,45,40,60,43,25,30.37,30.33,30.28,10,10,10,9,3,,0.0,1,,315
590,2014-05-14 00:00:00,81,70,60,50,48,46,69,47,33,30.32,30.23,30.1,10,10,10,9,2,,0.0,2,,320
591,2014-05-15 00:00:00,81,72,61,52,48,33,67,47,26,30.09,30.02,29.94,10,10,10,13,2,21.0,0.0,5,,236
592,2014-05-16 00:00:00,69,62,55,50,48,46,75,61,47,30.12,30.09,30.06,10,10,10,12,8,16.0,0.0,4,,181
593,2014-05-17 00:00:00,69,62,57,49,47,45,74,61,43,30.08,29.98,29.87,10,10,10,9,5,,0.0,6,,207
594,2014-05-18 00:00:00,68,60,54,52,49,46,80,69,47,29.91,29.85,29.81,10,10,10,12,3,21.0,0.04,5,Rain,171
595,2014-05-19 00:00:00,71,62,53,50,46,42,83,58,36,30.07,30.0,29.92,10,10,10,9,5,,0.0,4,,210
596,2014-05-20 00:00:00,72,64,55,51,48,46,77,61,40,30.15,30.11,30.07,10,10,10,7,3,,0.0,2,,313
597,2014-05-21 00:00:00,69,62,55,51,47,46,72,62,45,30.19,30.16,30.13,10,10,10,6,1,,0.0,5,,310
598,2014-05-22 00:00:00,75,66,57,54,52,50,77,61,43,30.15,30.07,30.01,10,10,10,8,2,,0.0,4,,312
599,2014-05-23 00:00:00,71,64,59,57,54,51,84,73,57,30.14,30.05,29.96,10,10,6,14,5,22.0,0.16,6,Rain,176
600,2014-05-24 00:00:00,66,60,55,50,49,48,77,67,52,30.19,30.16,30.13,10,10,10,8,4,,0.0,6,,209
601,2014-05-25 00:00:00,62,58,55,52,50,47,87,75,60,30.14,30.05,30.0,10,10,5,9,2,,0.27,7,Rain,150
602,2014-05-26 00:00:00,66,60,55,52,47,42,88,65,42,30.18,30.1,30.0,10,10,10,13,7,22.0,0.01,5,,179
603,2014-05-27 00:00:00,68,61,54,46,42,36,69,52,31,30.18,30.13,30.08,10,10,10,9,3,,0.0,5,Rain,338
604,2014-05-28 00:00:00,66,60,53,48,46,42,80,64,43,30.16,30.11,30.09,10,10,6,10,4,18.0,0.03,6,Rain,182
605,2014-05-29 00:00:00,66,60,55,47,46,44,72,63,47,30.23,30.2,30.17,10,10,10,15,9,20.0,0.0,7,,199
606,2014-05-30 00:00:00,69,60,52,48,45,39,74,57,33,30.18,30.08,29.99,10,10,10,14,3,22.0,0.0,1,,336
607,2014-05-31 00:00:00,75,63,51,50,47,45,80,55,37,30.09,30.05,30.02,10,10,10,7,2,,0.0,1,,254
608,2014-06-01 00:00:00,73,64,54,51,49,47,77,61,41,30.12,30.06,29.98,10,10,10,8,5,,0.0,4,,184
609,2014-06-02 00:00:00,77,65,55,56,52,49,84,66,46,29.99,29.93,29.85,10,10,7,8,1,,0.0,3,,246
610,2014-06-03 00:00:00,66,60,53,50,48,46,77,65,54,30.11,30.03,29.92,10,10,10,10,8,,0.0,6,,179
611,2014-06-04 00:00:00,68,60,53,51,49,47,80,67,52,30.15,30.12,30.09,10,10,10,12,4,,0.0,5,,224
612,2014-06-05 00:00:00,73,64,54,51,46,39,80,56,31,30.18,30.13,30.07,10,10,10,10,2,,0.0,3,,294
613,2014-06-06 00:00:00,78,65,53,48,43,32,74,48,20,30.14,30.11,30.07,10,10,10,10,2,,0.0,1,,340
614,2014-06-07 00:00:00,75,66,57,51,50,44,77,57,33,30.19,30.16,30.12,10,10,10,9,4,,0.0,2,,344
615,2014-06-08 00:00:00,75,66,57,55,53,51,82,65,46,30.23,30.16,30.08,10,10,10,7,2,,0.0,4,,228
616,2014-06-09 00:00:00,70,62,57,52,48,42,75,59,40,30.16,30.13,30.07,10,10,10,14,4,,0.0,7,,322
617,2014-06-10 00:00:00,68,60,55,49,47,43,70,59,49,30.13,30.11,30.08,10,10,10,7,2,,0.0,7,,72
618,2014-06-11 00:00:00,75,65,55,50,47,43,77,53,32,30.08,29.97,29.83,10,10,10,12,2,,0.0,3,,313
619,2014-06-12 00:00:00,72,64,57,52,50,47,78,64,44,29.88,29.85,29.81,10,10,10,16,5,29.0,0.0,6,Rain,186
620,2014-06-13 00:00:00,63,59,55,53,49,43,88,73,55,30.11,29.97,29.87,10,10,6,14,8,22.0,0.03,8,Rain,175
621,2014-06-14 00:00:00,64,60,55,54,49,44,88,69,54,30.11,30.07,29.99,10,9,2,12,6,,0.0,8,Rain,170
622,2014-06-15 00:00:00,66,58,52,52,49,46,84,73,58,29.99,29.9,29.85,10,10,7,12,4,18.0,0.01,8,Rain,141
623,2014-06-16 00:00:00,66,58,51,49,45,39,83,65,39,29.99,29.91,29.88,10,10,9,7,5,,0.11,6,Rain,165
624,2014-06-17 00:00:00,66,58,53,51,49,46,86,71,54,30.13,30.09,30.0,10,10,8,10,7,,0.05,8,Rain,145
625,2014-06-18 00:00:00,69,62,55,50,47,46,72,62,49,30.13,30.09,30.02,10,10,10,12,6,20.0,0.0,5,,171
626,2014-06-19 00:00:00,78,66,55,54,51,49,77,61,39,30.03,30.0,29.95,10,10,10,12,6,36.0,0.0,5,Rain,183
627,2014-06-20 00:00:00,69,62,55,55,47,42,82,64,42,30.18,30.13,30.03,10,10,10,10,6,18.0,0.0,6,Rain,102
628,2014-06-21 00:00:00,73,62,53,44,41,35,69,46,28,30.16,30.1,30.03,10,10,10,10,4,18.0,0.0,1,,321
629,2014-06-22 00:00:00,77,66,55,48,44,38,72,46,24,30.12,30.06,29.99,10,10,10,9,2,,0.0,2,,311
630,2014-06-23 00:00:00,80,70,61,55,49,44,78,52,37,30.09,30.02,29.99,10,10,10,9,2,,0.0,4,Rain,261
631,2014-06-24 00:00:00,78,68,60,56,54,51,82,67,42,30.12,30.08,30.03,10,10,9,9,4,,0.0,6,,199
632,2014-06-25 00:00:00,78,70,62,56,55,52,78,62,43,30.03,29.91,29.78,10,10,10,10,3,17.0,0.0,4,,314
633,2014-06-26 00:00:00,73,68,61,59,54,47,78,65,54,29.83,29.81,29.78,10,10,10,14,6,23.0,0.0,7,Rain,187
634,2014-06-27 00:00:00,73,66,59,56,54,49,81,69,51,29.9,29.8,29.73,10,10,8,14,7,22.0,0.0,7,Rain,173
635,2014-06-28 00:00:00,71,65,59,57,54,49,87,70,53,30.04,29.96,29.91,10,10,6,14,9,20.0,0.0,6,Rain,184
636,2014-06-29 00:00:00,71,64,57,53,51,49,78,63,49,30.24,30.16,30.06,10,10,10,12,7,18.0,0.0,6,,182
637,2014-06-30 00:00:00,78,66,57,53,52,51,78,60,42,30.25,30.16,30.02,10,10,10,12,3,18.0,0.0,2,,317
638,2014-07-01 00:00:00,91,76,63,54,52,50,70,45,26,30.01,29.86,29.72,10,10,10,13,4,17.0,0.0,1,,316
639,2014-07-02 00:00:00,82,73,63,56,53,49,67,54,33,30.03,29.92,29.77,10,10,10,9,5,21.0,0.0,3,,193
640,2014-07-03 00:00:00,72,66,60,53,50,45,70,58,47,30.11,30.08,30.03,10,10,10,9,5,,0.0,7,,200
641,2014-07-04 00:00:00,75,68,60,51,48,47,70,54,40,30.08,30.04,30.0,10,10,10,7,2,,0.0,4,,329
642,2014-07-05 00:00:00,77,68,61,53,51,47,72,56,39,30.14,30.1,30.06,10,9,5,10,4,,0.0,6,,284
643,2014-07-06 00:00:00,86,74,63,59,56,51,70,55,36,30.16,30.13,30.1,10,10,10,12,4,16.0,0.0,3,,272
644,2014-07-07 00:00:00,81,74,66,61,60,57,79,65,45,30.14,30.09,30.02,10,10,9,9,4,,0.0,4,,317
645,2014-07-08 00:00:00,86,74,63,57,56,52,78,54,37,30.07,30.02,29.96,10,10,10,10,4,17.0,0.0,0,,317
646,2014-07-09 00:00:00,82,72,64,56,53,50,68,53,36,30.03,29.98,29.92,10,10,10,7,2,,0.0,0,,301
647,2014-07-10 00:00:00,84,70,57,55,52,45,88,53,27,29.98,29.93,29.88,10,10,10,9,4,,0.0,0,,284
648,2014-07-11 00:00:00,88,74,60,55,53,50,80,48,27,30.0,29.95,29.92,10,10,10,10,3,16.0,0.0,1,,314
649,2014-07-12 00:00:00,90,77,64,57,54,49,73,47,29,30.09,30.05,30.0,10,10,10,9,2,,0.0,1,,314
650,2014-07-13 00:00:00,86,74,64,61,55,52,68,50,37,30.11,30.07,30.01,10,10,10,8,3,,0.0,3,Rain,301
651,2014-07-14 00:00:00,87,74,63,60,57,54,78,60,34,30.14,30.1,30.04,10,10,10,16,8,,0.0,2,,217
652,2014-07-15 00:00:00,88,74,60,59,56,53,83,61,33,30.12,30.06,29.97,10,10,10,8,2,,0.0,2,,308
653,2014-07-16 00:00:00,90,75,61,57,54,51,78,52,27,30.02,29.97,29.9,10,10,10,10,4,,0.0,0,,301
654,2014-07-17 00:00:00,81,70,60,55,53,52,78,62,36,30.04,30.0,29.95,10,10,10,10,7,21.0,0.0,5,,190
655,2014-07-18 00:00:00,78,66,57,57,52,50,78,60,43,30.11,30.07,30.04,10,10,10,9,6,,0.0,4,,197
656,2014-07-19 00:00:00,80,71,62,60,58,55,84,69,50,30.08,30.0,29.93,10,10,9,15,7,22.0,0.0,6,,186
657,2014-07-20 00:00:00,68,63,60,56,53,50,78,69,54,29.99,29.96,29.94,10,10,10,8,4,,0.0,8,,360
658,2014-07-21 00:00:00,77,68,60,53,50,46,72,55,35,30.04,30.01,29.97,10,10,10,7,3,,0.0,4,Rain,265
659,2014-07-22 00:00:00,73,66,59,56,54,52,78,67,57,30.09,30.04,30.01,10,10,10,6,1,,0.0,6,,224
660,2014-07-23 00:00:00,66,63,60,61,57,51,88,81,68,30.07,30.01,29.96,10,8,2,14,4,17.0,0.0,7,Rain,158
661,2014-07-24 00:00:00,69,63,57,57,53,50,84,70,57,30.22,30.16,30.06,10,10,10,10,6,16.0,0.0,8,Rain,157
662,2014-07-25 00:00:00,75,65,57,53,51,49,81,58,43,30.2,30.14,30.08,10,10,10,8,3,,0.0,3,,312
663,2014-07-26 00:00:00,80,70,59,53,51,49,75,55,35,30.17,30.14,30.11,10,10,10,8,2,,0.0,0,,315
664,2014-07-27 00:00:00,82,72,62,54,52,50,67,51,35,30.19,30.13,30.07,10,10,10,12,4,17.0,0.0,1,,304
665,2014-07-28 00:00:00,88,74,62,54,52,47,72,48,25,30.13,30.09,30.05,10,10,10,10,3,16.0,0.0,0,,311
666,2014-07-29 00:00:00,84,74,63,55,53,50,70,48,31,30.14,30.1,30.04,10,10,10,10,2,,0.0,0,,306
667,2014-07-30 00:00:00,84,74,63,57,52,45,78,50,25,30.15,30.11,30.07,10,10,10,10,3,16.0,0.0,0,,304
668,2014-07-31 00:00:00,86,75,64,54,49,43,56,41,24,30.12,30.07,30.01,10,10,10,13,4,18.0,0.0,0,,322
669,2014-08-01 00:00:00,84,73,64,55,51,48,59,45,34,30.06,30.01,29.95,10,10,10,10,3,18.0,0.0,2,,316
670,2014-08-02 00:00:00,82,73,64,58,55,53,73,54,37,30.01,29.97,29.94,10,10,10,6,2,,0.0,2,,303
671,2014-08-03 00:00:00,88,74,62,58,56,52,80,54,30,30.07,30.0,29.92,10,10,9,9,3,,0.0,0,,285
672,2014-08-04 00:00:00,91,77,64,56,53,45,68,46,21,29.99,29.95,29.9,10,10,10,9,3,,0.0,0,,311
673,2014-08-05 00:00:00,80,70,60,57,55,53,80,63,45,30.1,30.05,29.96,10,10,10,13,5,,0.0,4,,227
674,2014-08-06 00:00:00,82,72,62,58,56,53,84,63,41,30.16,30.11,30.05,10,10,7,8,4,,0.0,4,,240
675,2014-08-07 00:00:00,81,70,60,55,53,49,81,58,39,30.11,30.07,30.01,10,10,10,8,3,,0.0,2,,193
676,2014-08-08 00:00:00,79,70,61,53,50,44,75,51,29,30.13,30.09,30.06,10,10,10,8,3,,0.0,2,,170
677,2014-08-09 00:00:00,81,72,63,52,49,45,60,46,28,30.16,30.12,30.08,10,10,10,10,3,20.0,0.0,1,,320
678,2014-08-10 00:00:00,86,72,61,55,53,49,72,49,34,30.13,30.07,29.97,10,10,10,10,2,,0.0,0,,311
679,2014-08-11 00:00:00,95,80,66,65,55,53,69,45,27,29.99,29.89,29.78,10,10,10,8,2,,0.0,1,Rain,315
680,2014-08-12 00:00:00,82,75,68,64,58,52,84,61,38,29.9,29.86,29.81,10,9,5,12,4,,0.0,7,Rain,168
681,2014-08-13 00:00:00,75,68,62,62,59,57,88,76,59,30.02,29.95,29.89,10,9,4,12,6,21.0,0.0,7,Rain,173
682,2014-08-14 00:00:00,72,67,62,59,58,57,86,76,61,30.04,30.01,29.97,10,10,5,6,1,,0.0,7,Rain,320
683,2014-08-15 00:00:00,78,70,64,62,60,58,88,74,54,30.07,30.02,29.97,10,10,3,9,3,,0.0,8,Rain,220
684,2014-08-16 00:00:00,78,71,64,59,58,57,78,67,50,30.12,30.1,30.07,10,10,10,8,3,,0.0,6,,315
685,2014-08-17 00:00:00,82,71,61,59,57,56,83,64,44,30.13,30.09,30.04,10,10,10,8,4,,0.0,2,,312
686,2014-08-18 00:00:00,84,74,63,60,58,54,73,60,43,30.04,29.94,29.82,10,10,10,12,4,18.0,0.0,1,,310
687,2014-08-19 00:00:00,84,74,64,61,57,50,70,58,42,29.84,29.81,29.77,10,10,10,9,3,,0.0,2,,207
688,2014-08-20 00:00:00,73,66,61,53,51,50,72,59,49,30.01,29.95,29.86,10,10,10,13,7,20.0,0.0,5,,186
689,2014-08-21 00:00:00,73,64,57,52,51,49,82,65,47,30.05,30.02,29.96,10,10,10,8,5,,0.0,4,,189
690,2014-08-22 00:00:00,77,68,59,56,53,52,78,61,42,30.1,30.05,29.99,10,10,10,12,2,18.0,0.0,2,,315
691,2014-08-23 00:00:00,84,72,60,56,54,51,83,57,32,30.15,30.08,30.0,10,10,10,6,2,,0.0,0,,322
692,2014-08-24 00:00:00,79,68,60,56,54,50,80,62,41,30.0,29.96,29.91,10,10,10,8,2,,0.0,2,,293
693,2014-08-25 00:00:00,82,71,60,56,53,49,78,53,33,30.03,29.99,29.94,10,10,10,10,2,16.0,0.0,1,,295
694,2014-08-26 00:00:00,89,76,64,58,53,46,70,48,23,30.05,30.0,29.95,10,10,10,6,2,,0.0,0,,317
695,2014-08-27 00:00:00,88,76,66,58,56,50,68,52,28,30.04,30.01,29.98,10,10,10,6,1,,0.0,1,,314
696,2014-08-28 00:00:00,77,68,61,59,57,55,81,66,53,30.12,30.07,30.01,10,10,10,9,5,,0.0,4,,175
697,2014-08-29 00:00:00,75,66,60,58,55,51,84,67,49,30.0,29.97,29.93,10,10,10,9,5,16.0,0.0,6,,197
698,2014-08-30 00:00:00,68,65,61,61,57,52,88,79,65,29.98,29.92,29.88,10,9,2,9,2,,0.0,8,Rain,138
699,2014-08-31 00:00:00,73,66,59,57,54,50,90,71,46,30.07,30.04,29.99,10,8,2,8,5,,0.0,7,Rain,148
700,2014-09-01 00:00:00,77,66,57,55,53,51,81,63,45,30.1,30.04,29.98,10,10,10,9,4,,0.0,5,Rain,161
701,2014-09-02 00:00:00,70,64,57,56,54,52,88,70,53,29.98,29.89,29.78,10,9,3,16,4,29.0,0.0,7,Rain,126
702,2014-09-03 00:00:00,72,64,57,52,50,47,82,66,42,30.1,30.04,29.9,10,10,10,6,3,,0.0,6,,206
703,2014-09-04 00:00:00,73,64,55,54,52,49,88,66,48,30.15,30.11,30.06,10,10,10,12,3,17.0,0.0,1,,315
704,2014-09-05 00:00:00,82,72,61,55,53,50,75,57,32,30.15,30.09,30.02,10,10,10,10,4,17.0,0.0,0,,319
705,2014-09-06 00:00:00,88,74,60,54,51,40,75,50,19,30.05,29.95,29.83,10,10,10,10,2,,0.0,0,,315
706,2014-09-07 00:00:00,87,72,57,55,51,41,81,54,20,29.9,29.85,29.79,10,10,10,8,3,,0.0,0,,161
707,2014-09-08 00:00:00,72,66,60,60,55,52,83,74,55,29.94,29.89,29.85,10,9,4,10,6,,0.0,7,Rain,171
708,2014-09-09 00:00:00,73,66,59,55,52,50,78,65,46,30.13,30.08,29.96,10,10,10,10,5,16.0,0.0,5,,182
709,2014-09-10 00:00:00,72,64,57,54,46,26,87,59,18,30.23,30.2,30.14,10,10,10,9,3,20.0,0.0,4,,291
710,2014-09-11 00:00:00,78,66,54,41,35,29,62,35,17,30.3,30.23,30.13,10,10,10,7,2,,0.0,0,,347
711,2014-09-12 00:00:00,75,65,55,43,38,30,59,38,19,30.12,30.03,29.96,10,10,10,14,3,20.0,0.0,0,,306
712,2014-09-13 00:00:00,82,68,54,47,43,34,72,43,18,29.99,29.91,29.84,10,10,10,9,2,,0.0,0,,311
713,2014-09-14 00:00:00,82,67,52,50,45,38,80,47,20,29.91,29.87,29.83,10,10,10,8,2,,0.0,0,,317
714,2014-09-15 00:00:00,87,70,55,53,47,41,77,49,20,29.88,29.83,29.77,10,10,10,6,1,,0.0,0,,316
715,2014-09-16 00:00:00,75,68,60,55,53,49,78,64,48,29.91,29.88,29.82,10,10,10,10,5,,0.0,3,,168
716,2014-09-17 00:00:00,73,68,63,59,55,54,75,67,55,29.86,29.77,29.7,10,10,10,9,3,16.0,0.0,5,Rain,279
717,2014-09-18 00:00:00,72,66,62,59,57,56,84,75,61,29.97,29.83,29.73,10,10,9,13,4,16.0,0.0,8,Rain,178
718,2014-09-19 00:00:00,78,70,64,57,56,52,75,63,42,30.11,30.06,29.98,10,10,10,12,6,,0.0,6,,180
719,2014-09-20 00:00:00,73,66,60,56,55,53,83,68,53,30.11,30.04,29.88,10,10,10,12,3,17.0,0.0,2,,320
720,2014-09-21 00:00:00,82,70,57,57,55,53,88,63,38,29.95,29.87,29.83,10,10,10,10,3,,0.0,0,,157
721,2014-09-22 00:00:00,73,68,64,57,55,53,75,63,49,30.0,29.96,29.91,10,10,10,10,6,18.0,0.0,6,,173
722,2014-09-23 00:00:00,70,65,61,61,59,54,87,79,68,29.91,29.81,29.69,10,9,3,8,4,,0.0,7,Rain,134
723,2014-09-24 00:00:00,69,65,61,61,58,56,90,81,68,29.86,29.8,29.7,10,8,2,12,7,16.0,0.66,8,Rain,151
724,2014-09-25 00:00:00,73,66,61,58,56,51,87,76,49,29.89,29.86,29.82,10,9,5,15,4,24.0,0.27,7,Rain,132
725,2014-09-26 00:00:00,72,64,59,57,55,53,88,74,57,30.1,29.99,29.89,10,9,3,12,7,22.0,0.09,7,Rain,156
726,2014-09-27 00:00:00,70,63,57,55,53,50,88,72,52,30.14,30.11,30.09,10,10,8,12,2,,0.0,2,,312
727,2014-09-28 00:00:00,66,62,55,54,53,51,84,77,65,30.09,30.0,29.91,10,10,8,7,1,,0.0,4,,293
728,2014-09-29 00:00:00,64,58,53,58,54,50,94,83,70,29.97,29.91,29.87,10,7,0,12,5,18.0,0.0,7,Fog-Rain,141
729,2014-09-30 00:00:00,64,62,55,55,51,48,87,72,51,30.15,30.05,29.89,10,9,2,8,5,,0.0,6,Rain,150
730,2014-10-01 00:00:00,66,62,55,52,49,44,88,69,50,30.24,30.18,29.99,10,10,10,8,3,,0.0,6,,157
731,2014-10-02 00:00:00,68,61,54,49,46,39,80,60,35,30.31,30.28,30.22,10,10,10,10,2,,0.0,3,,319
732,2014-10-03 00:00:00,72,61,51,51,48,44,83,63,38,30.29,30.22,30.15,10,10,10,7,1,,0.0,1,,315
733,2014-10-04 00:00:00,73,64,57,54,52,50,81,67,51,30.2,30.17,30.13,10,10,10,6,1,,0.0,4,,303
734,2014-10-05 00:00:00,73,64,55,57,54,51,88,74,57,30.15,30.12,30.07,10,10,9,7,1,,0.0,2,,309
735,2014-10-06 00:00:00,77,68,59,59,57,54,88,73,52,30.08,30.03,29.97,10,10,10,7,1,,0.0,2,,319
736,2014-10-07 00:00:00,68,62,57,58,57,55,90,83,70,29.98,29.95,29.91,10,7,1,9,2,,0.0,7,,313
737,2014-10-08 00:00:00,68,62,57,57,55,54,90,80,65,30.03,30.0,29.95,10,8,3,10,3,,0.0,6,,310
738,2014-10-09 00:00:00,64,60,57,56,54,52,90,82,68,30.06,30.03,30.01,10,7,2,6,1,,0.0,5,,353
739,2014-10-10 00:00:00,68,58,51,56,53,48,94,80,61,30.07,30.04,30.01,10,6,0,15,6,21.0,0.0,6,Fog-Rain,151
740,2014-10-11 00:00:00,66,60,55,56,54,51,87,78,59,30.2,30.06,30.0,10,10,8,14,7,24.0,0.0,7,Rain,156
741,2014-10-12 00:00:00,66,60,55,54,52,50,88,75,56,30.26,30.19,30.04,10,10,10,8,5,,0.0,6,Rain,159
742,2014-10-13 00:00:00,71,62,54,55,51,46,87,68,46,30.03,29.79,29.65,10,10,4,13,4,21.0,0.0,6,Rain,184
743,2014-10-14 00:00:00,63,59,55,52,51,50,88,78,63,29.84,29.75,29.54,10,9,3,10,5,17.0,0.11,7,Rain,144
744,2014-10-15 00:00:00,62,58,54,53,50,46,87,77,67,29.98,29.71,29.51,10,9,3,18,7,25.0,0.45,7,Rain,151
745,2014-10-16 00:00:00,71,61,52,49,46,42,83,61,36,30.03,29.95,29.81,10,10,10,9,4,,0.0,4,Rain,146
746,2014-10-17 00:00:00,64,60,57,55,51,41,87,72,46,29.83,29.78,29.73,10,10,6,8,3,,0.14,8,Rain,136
747,2014-10-18 00:00:00,68,64,59,59,57,55,90,83,68,29.96,29.9,29.8,10,8,2,10,4,,0.31,7,Rain,133
748,2014-10-19 00:00:00,73,64,55,57,55,53,94,74,52,29.8,29.73,29.67,10,10,6,10,3,18.0,0.0,4,,161
749,2014-10-20 00:00:00,66,60,55,57,54,50,90,78,67,29.8,29.74,29.69,10,10,5,12,5,,0.44,6,Rain,155
750,2014-10-21 00:00:00,64,58,55,52,49,46,87,70,58,29.93,29.85,29.74,10,10,6,15,8,21.0,0.1,7,Rain,151
751,2014-10-22 00:00:00,60,58,57,55,53,48,88,81,67,29.73,29.68,29.56,10,6,2,14,8,22.0,1.43,8,Rain,153
752,2014-10-23 00:00:00,62,55,50,49,47,44,86,76,62,30.01,29.83,29.71,10,10,10,15,9,22.0,0.35,5,Rain,160
753,2014-10-24 00:00:00,60,56,51,50,47,44,86,75,60,30.05,29.96,29.74,10,10,8,8,4,,0.13,7,Rain,80
754,2014-10-25 00:00:00,64,58,52,53,49,44,87,78,58,29.74,29.48,29.26,10,10,6,24,6,41.0,0.37,6,Rain,199
755,2014-10-26 00:00:00,59,52,48,48,44,42,86,71,62,30.15,29.98,29.76,10,10,10,20,12,30.0,0.05,5,Rain,175
756,2014-10-27 00:00:00,62,54,45,46,43,41,87,72,48,30.17,30.09,29.98,10,10,10,7,4,,0.01,6,Rain,147
757,2014-10-28 00:00:00,62,56,51,54,50,45,88,80,72,29.96,29.88,29.84,10,8,2,14,5,,0.34,8,Rain,147
758,2014-10-29 00:00:00,64,59,54,54,51,50,88,76,60,30.14,30.06,29.94,10,10,9,15,7,24.0,0.04,5,Rain,167
759,2014-10-30 00:00:00,62,58,55,55,53,50,88,82,75,30.01,29.83,29.74,10,9,2,8,2,,0.67,8,Rain,136
760,2014-10-31 00:00:00,59,54,52,52,49,46,89,83,67,29.88,29.79,29.69,10,8,2,8,4,,0.77,7,Rain,166
761,2014-11-01 00:00:00,55,52,48,48,45,42,89,78,62,30.05,29.92,29.84,10,10,7,6,1,,0.0,8,,31
762,2014-11-02 00:00:00,57,51,45,52,47,42,90,82,62,30.15,30.1,30.06,10,9,4,9,5,,0.11,7,Rain,140
763,2014-11-03 00:00:00,60,58,55,53,51,48,84,80,75,30.12,30.08,30.01,10,9,3,13,8,20.0,0.24,8,Rain,153
764,2014-11-04 00:00:00,61,58,55,54,51,48,90,79,67,30.29,30.14,29.99,10,9,3,10,6,,0.05,8,Rain,128
765,2014-11-05 00:00:00,61,57,53,55,51,48,90,79,64,30.28,30.15,29.96,10,10,3,7,2,,0.27,8,Rain,130
766,2014-11-06 00:00:00,64,60,54,55,50,45,90,75,58,30.3,29.99,29.8,10,10,4,20,8,37.0,0.22,5,Rain,176
767,2014-11-07 00:00:00,59,52,45,45,43,40,86,72,53,30.48,30.41,30.31,10,10,10,7,3,,0.0,3,,140
768,2014-11-08 00:00:00,55,48,42,44,42,39,93,78,60,30.38,30.25,30.06,10,8,2,7,1,,0.0,4,,315
769,2014-11-09 00:00:00,57,52,48,50,46,43,87,80,72,30.06,29.93,29.82,10,9,3,12,6,16.0,0.29,7,Rain,134
770,2014-11-10 00:00:00,54,48,43,43,40,34,86,71,54,30.2,30.17,30.07,10,10,10,8,2,,0.0,3,,34
771,2014-11-11 00:00:00,48,42,36,39,18,3,80,42,20,30.37,30.28,30.18,10,10,10,15,5,22.0,0.0,1,,95
772,2014-11-12 00:00:00,46,39,32,10,4,1,40,24,16,30.37,30.25,30.11,10,10,10,13,8,22.0,0.0,0,,121
773,2014-11-13 00:00:00,48,40,30,19,9,2,64,30,18,30.1,30.01,29.97,10,10,10,12,4,22.0,0.0,1,,124
774,2014-11-14 00:00:00,48,38,28,26,18,11,69,48,23,30.31,30.15,30.03,10,10,10,8,2,,0.0,0,,19
775,2014-11-15 00:00:00,48,38,27,25,18,10,75,51,21,30.54,30.46,30.32,10,10,10,7,1,,0.0,0,,19
776,2014-11-16 00:00:00,50,39,28,27,21,15,69,53,25,30.52,30.45,30.37,10,10,10,8,1,,0.0,0,,312
777,2014-11-17 00:00:00,52,41,30,29,25,22,75,60,34,30.4,30.31,30.19,10,10,9,8,1,,0.0,0,,300
778,2014-11-18 00:00:00,48,39,30,36,31,25,86,75,54,30.18,30.13,30.09,10,8,5,6,1,,0.0,4,,141
779,2014-11-19 00:00:00,52,44,36,37,34,30,86,66,48,30.08,29.93,29.83,10,9,5,9,2,,0.0,6,Rain,231
780,2014-11-20 00:00:00,54,49,44,46,43,39,87,80,71,29.99,29.96,29.91,10,10,7,8,4,,0.11,8,Rain,133
781,2014-11-21 00:00:00,55,52,50,48,45,41,87,79,66,29.89,29.58,29.31,10,8,4,18,7,33.0,0.67,7,Rain,146
782,2014-11-22 00:00:00,51,48,45,43,41,39,86,77,66,30.13,29.88,29.55,10,10,10,13,8,21.0,0.03,5,Rain,151
783,2014-11-23 00:00:00,57,50,44,47,42,39,82,74,57,30.37,30.18,30.08,10,10,5,20,10,28.0,0.42,5,Rain,166
784,2014-11-24 00:00:00,55,47,39,50,41,35,89,79,66,30.37,30.23,30.08,10,8,2,13,6,25.0,0.01,6,Rain,142
785,2014-11-25 00:00:00,60,56,51,54,50,46,89,83,77,30.23,30.17,30.1,10,6,2,17,6,29.0,0.33,8,Rain,187
786,2014-11-26 00:00:00,61,59,57,53,52,48,81,75,62,30.17,30.04,29.87,10,10,10,20,11,30.0,0.01,7,Rain,175
787,2014-11-27 00:00:00,62,58,55,51,49,43,81,70,52,29.87,29.81,29.68,10,10,6,18,12,32.0,0.04,8,Rain,174
788,2014-11-28 00:00:00,57,48,39,51,43,35,87,80,72,29.67,29.54,29.49,10,7,2,15,9,26.0,1.39,8,Rain,170
789,2014-11-29 00:00:00,42,35,27,36,25,10,83,67,37,30.22,29.84,29.54,10,9,2,17,6,30.0,0.06,6,Rain-Snow,338
790,2014-11-30 00:00:00,39,33,27,23,21,18,78,64,47,30.24,30.19,30.12,10,10,10,8,2,,0.0,1,,351
791,2014-12-01 00:00:00,41,34,26,25,21,16,75,62,45,30.24,30.17,30.11,10,10,10,9,1,,0.0,0,,310
792,2014-12-02 00:00:00,44,35,26,28,26,21,82,68,49,30.24,30.12,29.93,10,10,9,8,3,,0.0,1,,354
793,2014-12-03 00:00:00,48,40,33,31,27,24,70,58,44,29.91,29.82,29.76,10,10,8,6,1,,0.0,4,,317
794,2014-12-04 00:00:00,48,44,39,43,37,32,87,74,59,29.95,29.86,29.79,10,9,3,7,2,,0.05,8,Rain,135
795,2014-12-05 00:00:00,54,50,46,47,44,42,87,82,71,29.97,29.91,29.75,10,9,3,8,2,,0.09,7,Rain,140
796,2014-12-06 00:00:00,55,52,48,49,46,43,86,82,74,30.24,30.06,29.84,10,9,4,14,7,21.0,0.25,6,Rain,145
797,2014-12-07 00:00:00,55,49,43,46,43,37,93,80,54,30.24,30.12,29.98,10,8,0,5,0,,0.0,4,Fog,269
798,2014-12-08 00:00:00,60,55,50,47,44,40,86,70,51,30.05,29.96,29.85,10,10,6,9,3,,0.45,8,Rain,132
799,2014-12-09 00:00:00,63,57,51,54,50,46,83,76,65,29.89,29.81,29.7,10,9,5,17,8,24.0,0.42,7,Rain,150
800,2014-12-10 00:00:00,68,61,54,51,48,42,83,69,43,29.69,29.46,29.25,10,10,5,22,10,38.0,0.5,8,Rain,154
801,2014-12-11 00:00:00,60,55,50,49,43,39,89,69,49,29.57,29.31,29.14,10,10,6,26,8,46.0,0.33,6,Rain,126
802,2014-12-12 00:00:00,55,52,48,45,43,42,83,73,64,30.06,29.83,29.56,10,10,10,18,10,32.0,0.0,5,,156
803,2014-12-13 00:00:00,52,46,41,43,41,37,90,82,71,30.24,30.2,30.06,10,8,1,8,3,,0.01,6,,165
804,2014-12-14 00:00:00,57,47,37,39,34,23,93,70,27,30.23,30.12,30.0,10,7,0,15,2,23.0,0.0,2,Fog,78
805,2014-12-15 00:00:00,55,48,42,34,28,25,58,41,34,29.99,29.9,29.83,10,10,10,16,6,22.0,0.0,5,,125
806,2014-12-16 00:00:00,52,48,44,40,33,27,68,53,38,29.86,29.84,29.82,10,10,10,8,5,,0.0,6,Rain,128
807,2014-12-17 00:00:00,51,48,44,45,41,35,87,77,68,29.93,29.86,29.81,10,9,5,6,1,,0.16,7,Rain,148
808,2014-12-18 00:00:00,51,48,46,46,43,41,93,83,74,29.95,29.86,29.73,10,8,2,10,4,18.0,0.6,8,Rain,144
809,2014-12-19 00:00:00,54,50,46,46,41,37,86,70,58,29.96,29.9,29.8,10,10,7,12,8,17.0,0.13,6,Rain,157
810,2014-12-20 00:00:00,57,52,46,52,46,41,87,83,72,29.85,29.58,29.45,10,7,2,17,7,31.0,0.6,8,Rain,161
811,2014-12-21 00:00:00,57,55,53,49,46,44,77,72,62,30.11,29.91,29.54,10,10,10,14,7,25.0,0.0,5,,203
812,2014-12-22 00:00:00,54,48,42,45,40,37,86,72,55,30.38,30.31,30.13,10,10,10,8,1,,0.0,4,,122
813,2014-12-23 00:00:00,53,48,43,52,42,36,96,80,66,30.31,30.17,30.09,10,7,2,14,5,,0.61,8,Rain,124
814,2014-12-24 00:00:00,46,44,41,39,38,37,89,80,71,30.07,29.98,29.91,10,10,7,8,5,,0.12,7,Rain,140
815,2014-12-25 00:00:00,48,42,37,39,37,34,87,79,66,30.31,30.2,30.06,10,10,6,7,3,,0.0,6,,135
816,2014-12-26 00:00:00,44,42,39,37,36,34,87,80,71,30.4,30.36,30.3,10,9,4,8,4,,0.0,7,,138
817,2014-12-27 00:00:00,52,47,42,45,40,36,87,78,69,30.31,30.13,30.03,10,9,5,15,8,25.0,0.12,7,Rain,159
818,2014-12-28 00:00:00,46,44,41,39,38,35,85,79,71,30.23,30.17,30.09,10,10,8,8,5,,0.06,8,Rain,90
819,2014-12-29 00:00:00,46,42,35,36,28,21,87,62,40,30.74,30.43,30.18,10,10,10,9,3,,0.0,3,,12
820,2014-12-30 00:00:00,39,34,30,24,17,14,73,51,35,30.86,30.81,30.75,10,10,10,6,1,,0.0,0,,20
821,2014-12-31 00:00:00,41,34,26,25,22,18,78,60,41,30.73,30.58,30.43,10,10,10,7,2,,0.0,0,,29
822,2015-01-01 00:00:00,43,35,27,28,25,21,81,70,49,30.42,30.31,30.22,10,10,6,4,0,,0.0,0,,125
823,2015-01-02 00:00:00,44,38,32,39,32,25,86,76,67,30.23,30.16,30.1,10,10,7,12,4,,0.03,7,,145
824,2015-01-03 00:00:00,43,38,33,38,35,30,93,84,76,30.3,30.26,30.22,10,7,3,7,2,,0.0,7,Rain,145
825,2015-01-04 00:00:00,54,48,41,48,41,37,89,84,77,30.27,30.14,29.98,10,8,3,21,7,32.0,0.22,8,Rain,150
826,2015-01-05 00:00:00,57,56,54,52,50,48,88,81,74,30.29,30.18,30.0,10,8,2,20,14,31.0,0.07,7,Rain,175
827,2015-01-06 00:00:00,55,50,46,48,46,43,93,84,74,30.31,30.29,30.26,10,7,0,6,2,,0.01,5,Fog,125
828,2015-01-07 00:00:00,50,47,44,46,43,41,93,85,74,30.32,30.28,30.25,10,5,1,6,2,,0.0,7,,7
829,2015-01-08 00:00:00,48,44,39,41,38,36,89,82,71,30.26,30.17,30.12,10,6,0,8,3,,0.0,6,Fog,59
830,2015-01-09 00:00:00,50,44,39,41,39,37,93,86,68,30.13,30.09,30.02,10,4,0,6,2,,0.01,5,Fog-Rain,134
831,2015-01-10 00:00:00,48,46,44,45,44,41,93,88,83,30.07,30.03,30.0,10,3,1,7,1,,0.18,8,Rain,137
832,2015-01-11 00:00:00,51,48,46,46,45,42,89,85,80,30.24,30.14,30.07,10,5,0,5,1,,0.06,8,Fog-Rain,131
833,2015-01-12 00:00:00,53,49,45,43,41,39,90,78,64,30.44,30.35,30.25,10,10,4,10,1,,0.0,6,Rain,318
834,2015-01-13 00:00:00,48,44,41,41,38,37,87,80,66,30.48,30.43,30.32,10,9,2,10,2,,0.0,6,,345
835,2015-01-14 00:00:00,46,42,37,38,34,28,89,77,60,30.31,30.24,30.2,10,7,1,10,3,,0.0,3,,141
836,2015-01-15 00:00:00,46,41,36,41,34,27,86,73,63,30.21,30.03,29.79,10,9,3,16,3,,0.43,6,Rain,132
837,2015-01-16 00:00:00,55,50,44,45,40,36,87,71,57,30.24,30.08,29.82,10,10,10,13,8,22.0,0.0,5,,160
838,2015-01-17 00:00:00,55,46,39,52,41,35,90,84,73,30.16,29.89,29.6,10,6,3,17,1,23.0,0.76,7,Rain,160
839,2015-01-18 00:00:00,60,54,48,51,44,42,82,73,67,30.27,30.04,29.64,10,9,3,22,14,36.0,0.23,6,Rain,178
840,2015-01-19 00:00:00,52,49,46,43,42,40,83,76,66,30.46,30.39,30.27,10,10,7,10,5,,0.03,5,Rain,159
841,2015-01-20 00:00:00,51,46,39,39,38,34,87,76,59,30.46,30.41,30.35,10,10,9,9,1,,0.0,2,,335
842,2015-01-21 00:00:00,48,40,33,39,35,29,93,81,66,30.35,30.29,30.23,10,6,0,5,1,,0.0,5,Fog,139
843,2015-01-22 00:00:00,52,48,45,46,43,38,87,81,76,30.4,30.33,30.27,10,9,5,8,1,,0.03,8,Rain,136
844,2015-01-23 00:00:00,57,54,50,52,49,45,89,84,76,30.4,30.32,30.26,10,8,2,13,6,21.0,0.08,8,Rain,162
845,2015-01-24 00:00:00,62,58,55,55,52,51,87,82,75,30.32,30.26,30.21,10,10,10,10,7,20.0,0.02,7,,159
846,2015-01-25 00:00:00,64,57,50,53,49,45,86,77,54,30.22,30.11,29.97,10,10,6,8,3,,0.01,4,,265
847,2015-01-26 00:00:00,64,55,46,47,46,42,93,77,52,29.99,29.95,29.91,10,7,0,13,4,,0.0,2,Fog,146
848,2015-01-27 00:00:00,55,52,50,49,47,45,88,83,80,30.29,30.1,29.98,10,6,2,10,6,,0.02,8,Rain,156
849,2015-01-28 00:00:00,55,50,46,45,42,40,87,76,64,30.4,30.36,30.3,10,10,7,6,2,,0.0,5,,359
850,2015-01-29 00:00:00,55,48,42,40,38,36,85,71,57,30.37,30.34,30.3,10,10,10,8,1,,0.0,2,,313
851,2015-01-30 00:00:00,48,44,39,40,38,35,96,85,71,30.34,30.3,30.25,10,3,0,8,1,,0.0,3,Fog,178
852,2015-01-31 00:00:00,46,42,39,40,39,37,89,83,76,30.27,30.22,30.11,10,4,0,6,1,,0.0,7,Fog,359
853,2015-02-01 00:00:00,51,48,44,45,42,39,87,82,76,30.11,30.06,30.03,10,7,2,10,5,17.0,0.04,7,Rain,146
854,2015-02-02 00:00:00,55,50,44,48,43,40,87,79,66,30.08,29.94,29.85,10,7,1,20,5,34.0,0.3,6,Rain,163
855,2015-02-03 00:00:00,52,48,44,46,44,42,93,83,74,30.12,30.08,30.02,10,8,0,10,5,,0.03,6,Fog-Rain,141
856,2015-02-04 00:00:00,52,47,42,46,43,39,93,84,74,30.09,29.95,29.74,10,6,0,7,2,,0.3,8,Fog-Rain,138
857,2015-02-05 00:00:00,59,54,48,53,49,44,86,83,78,29.7,29.54,29.39,10,8,3,13,7,20.0,0.87,8,Rain,146
858,2015-02-06 00:00:00,60,56,53,53,50,44,87,78,62,29.47,29.4,29.33,10,8,3,16,10,23.0,0.75,6,Rain,155
859,2015-02-07 00:00:00,57,54,51,51,48,45,89,81,69,29.86,29.56,29.35,10,8,4,17,6,32.0,0.82,8,Rain,153
860,2015-02-08 00:00:00,60,54,48,48,45,43,87,72,53,29.96,29.82,29.63,10,10,7,10,5,,0.15,7,Rain,96
861,2015-02-09 00:00:00,57,52,48,50,48,45,89,80,67,30.01,29.78,29.58,10,9,4,10,4,17.0,0.15,7,Rain,150
862,2015-02-10 00:00:00,57,52,48,50,46,43,83,73,62,30.31,30.23,30.04,10,10,6,17,9,22.0,0.02,6,Rain,178
863,2015-02-11 00:00:00,57,51,45,48,45,41,87,78,64,30.25,30.2,30.16,10,10,6,5,1,,0.0,5,,121
864,2015-02-12 00:00:00,72,62,51,49,47,43,89,70,44,30.27,30.24,30.19,10,10,9,9,4,,0.02,7,Rain,153
865,2015-02-13 00:00:00,61,54,46,50,47,45,99,80,60,30.26,30.18,30.09,10,10,7,6,1,,0.0,4,Rain,49
866,2015-02-14 00:00:00,60,54,48,50,46,38,90,75,62,30.45,30.36,30.24,10,10,7,8,2,,0.05,5,Rain,44
867,2015-02-15 00:00:00,55,48,42,42,40,36,82,72,60,30.48,30.4,30.32,10,10,10,10,3,,0.0,1,,345
868,2015-02-16 00:00:00,61,53,45,41,37,31,83,63,32,30.34,30.3,30.24,10,10,9,9,4,,0.0,4,,355
869,2015-02-17 00:00:00,60,52,44,37,35,34,74,57,38,30.24,30.17,30.1,10,10,10,8,1,,0.0,1,,339
870,2015-02-18 00:00:00,57,48,39,43,39,34,79,67,55,30.27,30.22,30.14,10,10,10,12,5,,0.0,4,,163
871,2015-02-19 00:00:00,54,51,48,48,46,42,87,79,74,30.29,30.26,30.22,10,9,5,6,2,,0.03,8,Rain,143
872,2015-02-20 00:00:00,54,52,50,46,45,41,86,77,66,30.3,30.28,30.26,10,8,3,6,0,,0.02,7,Rain,18
873,2015-02-21 00:00:00,55,50,44,41,38,34,82,67,47,30.45,30.33,30.27,10,10,10,10,3,20.0,0.0,4,,355
874,2015-02-22 00:00:00,54,45,36,38,31,24,93,62,31,30.48,30.43,30.38,10,10,10,6,1,,0.0,2,,320
875,2015-02-23 00:00:00,55,44,33,33,30,26,82,57,33,30.44,30.41,30.38,10,10,10,6,1,,0.0,0,,291
876,2015-02-24 00:00:00,54,45,36,38,33,29,79,62,43,30.42,30.38,30.34,10,10,10,7,3,,0.0,3,,142
877,2015-02-25 00:00:00,52,49,46,47,43,37,89,79,68,30.44,30.36,30.26,10,8,2,8,3,,0.07,8,Rain,142
878,2015-02-26 00:00:00,54,51,48,47,45,44,87,81,72,30.26,30.1,29.81,10,8,5,7,2,,0.22,8,Rain,111
879,2015-02-27 00:00:00,54,51,48,46,43,37,90,75,57,29.95,29.79,29.72,10,9,4,9,4,,0.73,7,Rain,28
880,2015-02-28 00:00:00,55,47,37,34,28,19,73,47,24,30.24,30.16,29.97,10,10,10,12,5,18.0,0.0,0,,341
881,2015-03-01 00:00:00,54,44,35,35,30,26,79,56,34,30.26,30.13,29.98,10,10,10,7,3,,0.0,4,,154
882,2015-03-02 00:00:00,54,49,39,36,34,28,73,58,38,30.16,30.05,29.99,10,10,10,12,6,23.0,0.0,5,,344
883,2015-03-03 00:00:00,52,42,32,32,24,10,82,53,19,30.27,30.23,30.18,10,10,10,9,3,,0.0,1,,359
884,2015-03-04 00:00:00,55,44,32,29,24,19,75,49,25,30.32,30.29,30.26,10,10,10,10,2,,0.0,0,,320
885,2015-03-05 00:00:00,59,48,37,39,32,26,73,55,28,30.4,30.36,30.31,10,10,10,6,3,,0.0,3,,128
886,2015-03-06 00:00:00,59,49,39,41,37,34,80,63,41,30.45,30.39,30.35,10,10,9,6,1,,0.0,3,,340
887,2015-03-07 00:00:00,62,50,37,42,39,33,87,66,42,30.37,30.31,30.24,10,10,9,8,2,,0.0,0,Rain,302
888,2015-03-08 00:00:00,63,50,37,43,40,34,89,67,43,30.26,30.19,30.11,10,10,9,9,1,,0.0,0,,314
889,2015-03-09 00:00:00,57,49,41,44,41,36,86,73,59,30.14,30.1,30.06,10,10,8,12,3,,0.0,0,,188
890,2015-03-10 00:00:00,60,50,44,48,42,38,93,76,55,30.04,29.93,29.78,10,5,0,9,4,17.0,0.0,7,Fog-Rain,350
891,2015-03-11 00:00:00,62,56,51,50,48,46,86,75,60,30.16,29.98,29.87,10,10,8,9,6,,0.09,8,Rain,155
892,2015-03-12 00:00:00,66,60,53,49,47,42,82,66,43,30.43,30.33,30.19,10,10,10,12,8,18.0,0.0,4,,183
893,2015-03-13 00:00:00,66,59,52,49,45,42,74,63,42,30.32,30.1,29.94,10,10,7,12,2,,0.04,5,Rain,260
894,2015-03-14 00:00:00,61,58,54,54,49,43,88,76,64,29.99,29.9,29.77,10,8,4,15,7,28.0,0.54,8,Rain,162
895,2015-03-15 00:00:00,54,50,46,47,44,41,87,84,72,30.12,29.8,29.62,10,5,1,9,4,,2.2,8,Rain,316
896,2015-03-16 00:00:00,57,52,46,43,42,40,86,71,53,30.27,30.19,30.09,10,10,10,12,4,16.0,0.0,6,,340
897,2015-03-17 00:00:00,60,51,43,46,42,38,85,73,53,30.22,30.1,30.05,10,10,6,12,3,18.0,0.03,6,Rain,156
898,2015-03-18 00:00:00,63,54,46,44,42,39,83,64,44,30.31,30.26,30.21,10,10,10,7,4,,0.0,5,,146
899,2015-03-19 00:00:00,63,56,48,49,43,41,80,63,46,30.2,30.1,30.02,10,10,10,8,4,,0.01,6,Rain,151
900,2015-03-20 00:00:00,60,56,51,48,47,44,86,74,57,30.0,29.93,29.88,10,10,5,6,2,,0.12,7,Rain,145
901,2015-03-21 00:00:00,59,55,50,48,44,37,80,67,51,30.11,30.04,29.89,10,10,7,17,9,36.0,0.13,6,Rain,170
902,2015-03-22 00:00:00,55,49,43,47,43,39,86,76,64,30.09,29.99,29.95,10,9,2,9,2,,0.07,5,Rain,161
903,2015-03-23 00:00:00,54,48,42,45,41,39,93,81,66,29.99,29.95,29.91,10,7,0,13,4,22.0,0.2,6,Fog-Rain,152
904,2015-03-24 00:00:00,59,52,46,43,41,39,86,72,53,30.26,30.12,29.9,10,9,5,15,4,17.0,0.27,7,Rain,172
905,2015-03-25 00:00:00,61,54,48,54,48,42,88,78,69,30.3,30.24,30.2,10,9,5,14,7,25.0,0.15,8,Rain,156
906,2015-03-26 00:00:00,72,62,52,52,49,45,86,67,39,30.3,30.23,30.13,10,10,10,10,5,,0.0,3,,170
907,2015-03-27 00:00:00,69,59,50,52,48,46,86,70,50,30.12,30.02,29.95,10,10,9,15,4,24.0,0.01,4,Rain,177
908,2015-03-28 00:00:00,64,58,52,46,43,39,77,63,46,30.35,30.23,30.05,10,10,10,16,13,26.0,0.0,5,,190
909,2015-03-29 00:00:00,63,57,51,49,44,41,80,63,50,30.33,30.23,30.15,10,10,10,12,7,18.0,0.0,7,,167
910,2015-03-30 00:00:00,66,60,55,49,47,44,77,64,45,30.14,30.0,29.84,10,10,8,10,7,16.0,0.02,6,Rain,176
911,2015-03-31 00:00:00,57,50,46,48,41,38,86,72,55,30.21,30.06,29.84,10,9,3,15,7,22.0,0.31,7,Rain,96
912,2015-04-01 00:00:00,57,50,44,44,40,36,93,73,49,30.34,30.27,30.22,10,10,10,14,5,,0.05,6,Rain,154
913,2015-04-02 00:00:00,59,50,43,42,38,33,90,66,39,30.43,30.37,30.32,10,10,6,7,3,,0.0,5,Rain,143
914,2015-04-03 00:00:00,55,49,44,43,39,37,76,68,53,30.31,30.2,30.15,10,9,5,16,7,23.0,0.05,5,Rain,163
915,2015-04-04 00:00:00,57,48,39,37,34,25,83,58,31,30.16,30.08,29.93,10,10,10,9,4,,0.0,3,,163
916,2015-04-05 00:00:00,63,50,39,39,34,28,79,56,28,29.92,29.76,29.64,10,10,10,8,2,,0.0,3,,314
917,2015-04-06 00:00:00,60,52,46,40,37,31,74,58,35,29.86,29.81,29.72,10,10,10,12,6,,0.0,5,Rain,147
918,2015-04-07 00:00:00,59,54,48,44,40,38,71,63,47,29.93,29.86,29.82,10,10,10,14,4,,0.01,6,Rain,330
919,2015-04-08 00:00:00,64,54,46,44,40,37,77,62,39,30.15,30.07,29.94,10,10,10,10,3,,0.0,3,,159
920,2015-04-09 00:00:00,66,54,45,44,40,36,80,61,34,30.16,30.08,29.96,10,10,10,14,5,20.0,0.0,2,,136
921,2015-04-10 00:00:00,60,54,48,46,42,37,82,68,45,29.96,29.87,29.78,10,9,4,15,6,25.0,0.52,7,Rain,175
922,2015-04-11 00:00:00,55,50,44,45,38,33,82,65,51,30.13,29.95,29.78,10,10,7,15,8,25.0,0.02,5,Rain,192
923,2015-04-12 00:00:00,59,52,46,39,36,32,71,57,41,30.23,30.17,30.04,10,10,10,10,6,17.0,0.0,5,,188
924,2015-04-13 00:00:00,54,48,42,50,42,38,100,80,57,30.04,29.95,29.88,10,8,3,13,4,,0.46,6,Rain,149
925,2015-04-14 00:00:00,55,47,39,43,39,34,100,78,44,30.46,30.25,30.05,10,10,8,13,8,,0.05,6,Rain,136
926,2015-04-15 00:00:00,59,49,39,38,34,26,83,57,28,30.57,30.51,30.46,10,10,10,7,4,,0.0,2,Rain,168
927,2015-04-16 00:00:00,64,52,41,41,37,35,79,56,37,30.47,30.34,30.22,10,10,10,10,2,18.0,0.0,0,Rain,301
928,2015-04-17 00:00:00,68,56,46,46,42,33,77,57,28,30.32,30.25,30.22,10,10,10,12,3,21.0,0.0,2,,327
929,2015-04-18 00:00:00,68,57,48,45,41,33,77,55,28,30.38,30.31,30.24,10,10,10,9,2,,0.0,0,Rain,338
930,2015-04-19 00:00:00,69,58,46,45,43,39,81,56,37,30.24,30.13,29.98,10,10,10,10,2,17.0,0.0,0,,321
931,2015-04-20 00:00:00,73,60,48,46,42,34,77,50,25,29.98,29.91,29.83,10,10,10,10,2,,0.0,0,Rain,322
932,2015-04-21 00:00:00,64,56,46,48,44,40,82,68,52,30.13,29.98,29.87,10,9,5,12,3,,0.16,5,Rain,100
933,2015-04-22 00:00:00,62,52,43,40,37,24,86,62,24,30.2,30.14,30.06,10,10,10,9,5,17.0,0.0,5,,142
934,2015-04-23 00:00:00,55,50,46,44,38,34,80,64,50,30.05,29.89,29.78,10,9,5,14,7,20.0,0.1,7,Rain,178
